source_path,file_type,mime_type,size_bytes,sha256,bucket,likely_project_role,status_label,recommended_destination,duplication_status,duplicate_group_size,migration_status,migrated_to
/Users/stevenreid/Library/Application Support/Claude/local-agent-mode-sessions/e19b2fa8-926d-43d7-b606-382e730a4423/89e6069e-a4d4-49b9-a436-f538793c3944/local_f4bdd818-09b7-4abb-b833-c3553bc67103/outputs/sds-workbench/index.html,html,text/html,473,17562a193a344d0d88618f722dddff54ebab887c00f8b1fa9ee8ebde7c4fd989,app/tooling,app_project_meta,exact+exploratory,app/sds-workbench/index.html,unique,1,copied,app/sds-workbench/index.html
/Users/stevenreid/Library/Application Support/Claude/local-agent-mode-sessions/e19b2fa8-926d-43d7-b606-382e730a4423/89e6069e-a4d4-49b9-a436-f538793c3944/local_f4bdd818-09b7-4abb-b833-c3553bc67103/outputs/sds-workbench/package-lock.json,json,application/json,62158,0887a2fef2bf0326fc376051e0fd9f629baccbdc303272e0aaa13af288c76058,app/tooling,app_project_meta,exact+exploratory,app/sds-workbench/package-lock.json,unique,1,copied,app/sds-workbench/package-lock.json
/Users/stevenreid/Library/Application Support/Claude/local-agent-mode-sessions/e19b2fa8-926d-43d7-b606-382e730a4423/89e6069e-a4d4-49b9-a436-f538793c3944/local_f4bdd818-09b7-4abb-b833-c3553bc67103/outputs/sds-workbench/package.json,json,application/json,501,d1974f48579afda8624ebcc88b4e475a256bef26e1d2598feea67572f0578ee1,app/tooling,app_project_meta,exact+exploratory,app/sds-workbench/package.json,unique,1,copied,app/sds-workbench/package.json
/Users/stevenreid/Library/Application Support/Claude/local-agent-mode-sessions/e19b2fa8-926d-43d7-b606-382e730a4423/89e6069e-a4d4-49b9-a436-f538793c3944/local_f4bdd818-09b7-4abb-b833-c3553bc67103/outputs/sds-workbench/src/App.tsx,tsx,unknown,1861,62f07cc2ecd1eebcebb0a77767e36acbbaba724a40ec5f3b72c6e7d18ecc0e66,app/tooling,app_source,exact+exploratory,app/sds-workbench/src/App.tsx,unique,1,copied,app/sds-workbench/src/App.tsx
/Users/stevenreid/Library/Application Support/Claude/local-agent-mode-sessions/e19b2fa8-926d-43d7-b606-382e730a4423/89e6069e-a4d4-49b9-a436-f538793c3944/local_f4bdd818-09b7-4abb-b833-c3553bc67103/outputs/sds-workbench/src/components/layout/Sidebar.tsx,tsx,unknown,11023,f242b3f0988c61505bd6a0b0649c4bf7dbd51285d27381bf81ea8ebd5daeb9ba,app/tooling,app_source,exact+exploratory,app/sds-workbench/src/components/layout/Sidebar.tsx,unique,1,copied,app/sds-workbench/src/components/layout/Sidebar.tsx
/Users/stevenreid/Library/Application Support/Claude/local-agent-mode-sessions/e19b2fa8-926d-43d7-b606-382e730a4423/89e6069e-a4d4-49b9-a436-f538793c3944/local_f4bdd818-09b7-4abb-b833-c3553bc67103/outputs/sds-workbench/src/components/layout/TopBar.tsx,tsx,unknown,1947,dbd14114c47118edc740adff6f58eeaf46df1590e9fe1f72b2c9810739e995dd,app/tooling,app_source,exact+exploratory,app/sds-workbench/src/components/layout/TopBar.tsx,unique,1,copied,app/sds-workbench/src/components/layout/TopBar.tsx
/Users/stevenreid/Library/Application Support/Claude/local-agent-mode-sessions/e19b2fa8-926d-43d7-b606-382e730a4423/89e6069e-a4d4-49b9-a436-f538793c3944/local_f4bdd818-09b7-4abb-b833-c3553bc67103/outputs/sds-workbench/src/components/tabs/CompareTab.tsx,tsx,unknown,5662,aa7e49d1c32934caaa753f4782676cff0c0ef7cb622805976db064c7ac77d468,app/tooling,app_source,exact+exploratory,app/sds-workbench/src/components/tabs/CompareTab.tsx,unique,1,copied,app/sds-workbench/src/components/tabs/CompareTab.tsx
/Users/stevenreid/Library/Application Support/Claude/local-agent-mode-sessions/e19b2fa8-926d-43d7-b606-382e730a4423/89e6069e-a4d4-49b9-a436-f538793c3944/local_f4bdd818-09b7-4abb-b833-c3553bc67103/outputs/sds-workbench/src/components/tabs/ExploreTab.tsx,tsx,unknown,3598,909a76c268a4850e4671a8aeff270e2053cff21a38522833606f3f138ea8e9e6,app/tooling,app_source,exact+exploratory,app/sds-workbench/src/components/tabs/ExploreTab.tsx,unique,1,copied,app/sds-workbench/src/components/tabs/ExploreTab.tsx
/Users/stevenreid/Library/Application Support/Claude/local-agent-mode-sessions/e19b2fa8-926d-43d7-b606-382e730a4423/89e6069e-a4d4-49b9-a436-f538793c3944/local_f4bdd818-09b7-4abb-b833-c3553bc67103/outputs/sds-workbench/src/components/tabs/ExportTab.tsx,tsx,unknown,3758,47be0d9964559dd456e4655e01829b07ef92eea298b9bc974ee2cd71cd0ca5a9,app/tooling,app_source,exact+exploratory,app/sds-workbench/src/components/tabs/ExportTab.tsx,unique,1,copied,app/sds-workbench/src/components/tabs/ExportTab.tsx
/Users/stevenreid/Library/Application Support/Claude/local-agent-mode-sessions/e19b2fa8-926d-43d7-b606-382e730a4423/89e6069e-a4d4-49b9-a436-f538793c3944/local_f4bdd818-09b7-4abb-b833-c3553bc67103/outputs/sds-workbench/src/components/tabs/GeometryTab.tsx,tsx,unknown,3895,0a25fcb6e779e08ef9ab09c3ce21d2fcc794f3996e1ee6bec8c529bc287fa25b,app/tooling,app_source,exact+exploratory,app/sds-workbench/src/components/tabs/GeometryTab.tsx,unique,1,copied,app/sds-workbench/src/components/tabs/GeometryTab.tsx
/Users/stevenreid/Library/Application Support/Claude/local-agent-mode-sessions/e19b2fa8-926d-43d7-b606-382e730a4423/89e6069e-a4d4-49b9-a436-f538793c3944/local_f4bdd818-09b7-4abb-b833-c3553bc67103/outputs/sds-workbench/src/components/tabs/ThermodynamicsTab.tsx,tsx,unknown,5121,e4057cb2c2199becd309f040ae4eb2dc4875682d36ed65b6da0d1340a09bb95a,app/tooling,app_source,exact+exploratory,app/sds-workbench/src/components/tabs/ThermodynamicsTab.tsx,unique,1,copied,app/sds-workbench/src/components/tabs/ThermodynamicsTab.tsx
/Users/stevenreid/Library/Application Support/Claude/local-agent-mode-sessions/e19b2fa8-926d-43d7-b606-382e730a4423/89e6069e-a4d4-49b9-a436-f538793c3944/local_f4bdd818-09b7-4abb-b833-c3553bc67103/outputs/sds-workbench/src/components/ui/CopyButton.tsx,tsx,unknown,529,4514d925e3fe12b9363e401f2edd2804f3d7f7931b3351de5126941a15c23a13,app/tooling,app_source,exact+exploratory,app/sds-workbench/src/components/ui/CopyButton.tsx,unique,1,copied,app/sds-workbench/src/components/ui/CopyButton.tsx
/Users/stevenreid/Library/Application Support/Claude/local-agent-mode-sessions/e19b2fa8-926d-43d7-b606-382e730a4423/89e6069e-a4d4-49b9-a436-f538793c3944/local_f4bdd818-09b7-4abb-b833-c3553bc67103/outputs/sds-workbench/src/components/visuals/EisensteinArc.tsx,tsx,unknown,4014,b3f4d19a2847e830d7e89cc5e575fe0c5b98f5120fa81c3f1c6e5fdc83a5fd3f,app/tooling,app_source,exact+exploratory,app/sds-workbench/src/components/visuals/EisensteinArc.tsx,unique,1,copied,app/sds-workbench/src/components/visuals/EisensteinArc.tsx
/Users/stevenreid/Library/Application Support/Claude/local-agent-mode-sessions/e19b2fa8-926d-43d7-b606-382e730a4423/89e6069e-a4d4-49b9-a436-f538793c3944/local_f4bdd818-09b7-4abb-b833-c3553bc67103/outputs/sds-workbench/src/components/visuals/EntropyBudget.tsx,tsx,unknown,2833,a9887ea6e23fa350d6f036e4e1c6d7ff55bfbfff74ab5af6038be5280463e802,app/tooling,app_source,exact+exploratory,app/sds-workbench/src/components/visuals/EntropyBudget.tsx,unique,1,copied,app/sds-workbench/src/components/visuals/EntropyBudget.tsx
/Users/stevenreid/Library/Application Support/Claude/local-agent-mode-sessions/e19b2fa8-926d-43d7-b606-382e730a4423/89e6069e-a4d4-49b9-a436-f538793c3944/local_f4bdd818-09b7-4abb-b833-c3553bc67103/outputs/sds-workbench/src/components/visuals/RadialDiagram.tsx,tsx,unknown,3709,d17fe5fff81b5c88ac8c984e3f3697c5b30381ce3199e15fe7cdfaaaf8f955f0,app/tooling,app_source,exact+exploratory,app/sds-workbench/src/components/visuals/RadialDiagram.tsx,unique,1,copied,app/sds-workbench/src/components/visuals/RadialDiagram.tsx
/Users/stevenreid/Library/Application Support/Claude/local-agent-mode-sessions/e19b2fa8-926d-43d7-b606-382e730a4423/89e6069e-a4d4-49b9-a436-f538793c3944/local_f4bdd818-09b7-4abb-b833-c3553bc67103/outputs/sds-workbench/src/components/visuals/ValidationPanel.tsx,tsx,unknown,1904,1b2744315ceb622f5ec59d474cf07ddbe4c933da34366ef8a53e7483141ff6ba,app/tooling,app_source,exact+exploratory,app/sds-workbench/src/components/visuals/ValidationPanel.tsx,unique,1,copied,app/sds-workbench/src/components/visuals/ValidationPanel.tsx
/Users/stevenreid/Library/Application Support/Claude/local-agent-mode-sessions/e19b2fa8-926d-43d7-b606-382e730a4423/89e6069e-a4d4-49b9-a436-f538793c3944/local_f4bdd818-09b7-4abb-b833-c3553bc67103/outputs/sds-workbench/src/engine/format.ts,ts,video/mp2t,617,3351cec9c0a97558c282fc2e664d41ede0ca68db94c6d1f5ad91e1b95f9015d2,app/tooling,app_source,exact+exploratory,app/sds-workbench/src/engine/format.ts,unique,1,copied,app/sds-workbench/src/engine/format.ts
/Users/stevenreid/Library/Application Support/Claude/local-agent-mode-sessions/e19b2fa8-926d-43d7-b606-382e730a4423/89e6069e-a4d4-49b9-a436-f538793c3944/local_f4bdd818-09b7-4abb-b833-c3553bc67103/outputs/sds-workbench/src/engine/physics.ts,ts,video/mp2t,2798,995c7ea1c943e9c35ce9e3dc5e668a0f412f3d664be89318439c82a23f5b1f39,app/tooling,app_source,exact+exploratory,app/sds-workbench/src/engine/physics.ts,unique,1,copied,app/sds-workbench/src/engine/physics.ts
/Users/stevenreid/Library/Application Support/Claude/local-agent-mode-sessions/e19b2fa8-926d-43d7-b606-382e730a4423/89e6069e-a4d4-49b9-a436-f538793c3944/local_f4bdd818-09b7-4abb-b833-c3553bc67103/outputs/sds-workbench/src/engine/types.ts,ts,video/mp2t,726,35b854f630ac43f184273d93d042d81fbe94ce8009b700f28655e6c7a1ca580e,app/tooling,app_source,exact+exploratory,app/sds-workbench/src/engine/types.ts,unique,1,copied,app/sds-workbench/src/engine/types.ts
/Users/stevenreid/Library/Application Support/Claude/local-agent-mode-sessions/e19b2fa8-926d-43d7-b606-382e730a4423/89e6069e-a4d4-49b9-a436-f538793c3944/local_f4bdd818-09b7-4abb-b833-c3553bc67103/outputs/sds-workbench/src/main.tsx,tsx,unknown,208,7cebd522a7d09b9d8c2d1b1c20a198648f9a0ccf72ece35ea697c7022125fb03,app/tooling,app_source,exact+exploratory,app/sds-workbench/src/main.tsx,unique,1,copied,app/sds-workbench/src/main.tsx
/Users/stevenreid/Library/Application Support/Claude/local-agent-mode-sessions/e19b2fa8-926d-43d7-b606-382e730a4423/89e6069e-a4d4-49b9-a436-f538793c3944/local_f4bdd818-09b7-4abb-b833-c3553bc67103/outputs/sds-workbench/src/store/appStore.ts,ts,video/mp2t,3648,26727096aebbcd25c37b2dd8e453242fa00774d655aa344520f6a9d0d89d4898,app/tooling,app_source,exact+exploratory,app/sds-workbench/src/store/appStore.ts,unique,1,copied,app/sds-workbench/src/store/appStore.ts
/Users/stevenreid/Library/Application Support/Claude/local-agent-mode-sessions/e19b2fa8-926d-43d7-b606-382e730a4423/89e6069e-a4d4-49b9-a436-f538793c3944/local_f4bdd818-09b7-4abb-b833-c3553bc67103/outputs/sds-workbench/src/styles/globals.css,css,text/css,8306,c74a9e769b11532ba92ad189055b5fba3ab2e2880892d936629e87d373a48b6d,app/tooling,app_source,exact+exploratory,app/sds-workbench/src/styles/globals.css,unique,1,copied,app/sds-workbench/src/styles/globals.css
/Users/stevenreid/Library/Application Support/Claude/local-agent-mode-sessions/e19b2fa8-926d-43d7-b606-382e730a4423/89e6069e-a4d4-49b9-a436-f538793c3944/local_f4bdd818-09b7-4abb-b833-c3553bc67103/outputs/sds-workbench/src/styles/tokens.css,css,text/css,1095,58848d3685a905afa27077e7c3ca0364d4eda96f2511785417f9a06a36ae2b10,app/tooling,app_source,exact+exploratory,app/sds-workbench/src/styles/tokens.css,unique,1,copied,app/sds-workbench/src/styles/tokens.css
/Users/stevenreid/Library/Application Support/Claude/local-agent-mode-sessions/e19b2fa8-926d-43d7-b606-382e730a4423/89e6069e-a4d4-49b9-a436-f538793c3944/local_f4bdd818-09b7-4abb-b833-c3553bc67103/outputs/sds-workbench/src/utils/export.ts,ts,video/mp2t,2588,597c043d0cefc13e33de7a5080f28172acbbfe052089d5c25c1cf38aa3fff90f,app/tooling,app_source,exact+exploratory,app/sds-workbench/src/utils/export.ts,unique,1,copied,app/sds-workbench/src/utils/export.ts
/Users/stevenreid/Library/Application Support/Claude/local-agent-mode-sessions/e19b2fa8-926d-43d7-b606-382e730a4423/89e6069e-a4d4-49b9-a436-f538793c3944/local_f4bdd818-09b7-4abb-b833-c3553bc67103/outputs/sds-workbench/src/utils/storage.ts,ts,video/mp2t,1137,8d7032a115a1d10afa20e6aaa1705b8deea10ac38c7397188ef3bc2c58f5c2eb,app/tooling,app_source,exact+exploratory,app/sds-workbench/src/utils/storage.ts,unique,1,copied,app/sds-workbench/src/utils/storage.ts
/Users/stevenreid/Library/Application Support/Claude/local-agent-mode-sessions/e19b2fa8-926d-43d7-b606-382e730a4423/89e6069e-a4d4-49b9-a436-f538793c3944/local_f4bdd818-09b7-4abb-b833-c3553bc67103/outputs/sds-workbench/src/utils/url.ts,ts,video/mp2t,1151,1381d34269e43e6a6761c546ea5c06248cf0def6cbafca0bfb874a45b213439c,app/tooling,app_source,exact+exploratory,app/sds-workbench/src/utils/url.ts,unique,1,copied,app/sds-workbench/src/utils/url.ts
/Users/stevenreid/Library/Application Support/Claude/local-agent-mode-sessions/e19b2fa8-926d-43d7-b606-382e730a4423/89e6069e-a4d4-49b9-a436-f538793c3944/local_f4bdd818-09b7-4abb-b833-c3553bc67103/outputs/sds-workbench/tsconfig.json,json,application/json,553,6f22b9cab33bc1229808ad6dcf7e629256f2f7c925fbae1a64974301878a4e8a,app/tooling,app_project_meta,exact+exploratory,app/sds-workbench/tsconfig.json,unique,1,copied,app/sds-workbench/tsconfig.json
/Users/stevenreid/Library/Application Support/Claude/local-agent-mode-sessions/e19b2fa8-926d-43d7-b606-382e730a4423/89e6069e-a4d4-49b9-a436-f538793c3944/local_f4bdd818-09b7-4abb-b833-c3553bc67103/outputs/sds-workbench/vite.config.ts,ts,video/mp2t,249,e52aae5c62cc64ad62da34a553a9816751671ad651566aa7257a608a695538be,app/tooling,app_project_meta,exact+exploratory,app/sds-workbench/vite.config.ts,unique,1,copied,app/sds-workbench/vite.config.ts
/Users/stevenreid/Library/Application Support/Claude/local-agent-mode-sessions/e19b2fa8-926d-43d7-b606-382e730a4423/89e6069e-a4d4-49b9-a436-f538793c3944/local_f4bdd818-09b7-4abb-b833-c3553bc67103/outputs/sds-workbench/vite.config.ts.timestamp-1775791135464-d0262703c3f5f.mjs,mjs,text/javascript,1805,9609130d60a82ada0ec4e92dd45e8ab0787e1a9b949473430bc0061c20b08f1d,app/tooling,app_project_meta,exact+exploratory,app/sds-workbench/vite.config.ts.timestamp-1775791135464-d0262703c3f5f.mjs,duplicate_exact,3,copied,app/sds-workbench/vite.config.ts.timestamp-1775791135464-d0262703c3f5f.mjs
/Users/stevenreid/Library/Application Support/Claude/local-agent-mode-sessions/e19b2fa8-926d-43d7-b606-382e730a4423/89e6069e-a4d4-49b9-a436-f538793c3944/local_f4bdd818-09b7-4abb-b833-c3553bc67103/outputs/sds-workbench/vite.config.ts.timestamp-1775791143759-5b8ce8ca688d9.mjs,mjs,text/javascript,1805,9609130d60a82ada0ec4e92dd45e8ab0787e1a9b949473430bc0061c20b08f1d,app/tooling,app_project_meta,exact+exploratory,app/sds-workbench/vite.config.ts.timestamp-1775791143759-5b8ce8ca688d9.mjs,duplicate_exact,3,copied,app/sds-workbench/vite.config.ts.timestamp-1775791143759-5b8ce8ca688d9.mjs
/Users/stevenreid/Library/Application Support/Claude/local-agent-mode-sessions/e19b2fa8-926d-43d7-b606-382e730a4423/89e6069e-a4d4-49b9-a436-f538793c3944/local_f4bdd818-09b7-4abb-b833-c3553bc67103/outputs/sds-workbench/vite.config.ts.timestamp-1775791369455-2a8491c52c621.mjs,mjs,text/javascript,1805,9609130d60a82ada0ec4e92dd45e8ab0787e1a9b949473430bc0061c20b08f1d,app/tooling,app_project_meta,exact+exploratory,app/sds-workbench/vite.config.ts.timestamp-1775791369455-2a8491c52c621.mjs,duplicate_exact,3,copied,app/sds-workbench/vite.config.ts.timestamp-1775791369455-2a8491c52c621.mjs
/Users/stevenreid/Library/Application Support/Claude/local-agent-mode-sessions/e19b2fa8-926d-43d7-b606-382e730a4423/89e6069e-a4d4-49b9-a436-f538793c3944/local_f4bdd818-09b7-4abb-b833-c3553bc67103/outputs/sds-workbench/dist/assets/index-B6ifsj3z.css,css,text/css,8022,b04eeb19cd6f1046215bdd853637d4e7015ac3de3ee745a68ee54adc5171249e,app/tooling,built_artifact,artifact,archive/deprecated/app-dist/dist/assets/index-B6ifsj3z.css,unique,1,copied,archive/deprecated/app-dist/dist/assets/index-B6ifsj3z.css
/Users/stevenreid/Library/Application Support/Claude/local-agent-mode-sessions/e19b2fa8-926d-43d7-b606-382e730a4423/89e6069e-a4d4-49b9-a436-f538793c3944/local_f4bdd818-09b7-4abb-b833-c3553bc67103/outputs/sds-workbench/dist/assets/index-DFQSWpEJ.js,js,text/javascript,187041,da731cc41de868fbb1418b43a8c99bd2f347ffb16a79245dae7c0bb7b31ee722,app/tooling,built_artifact,artifact,archive/deprecated/app-dist/dist/assets/index-DFQSWpEJ.js,unique,1,copied,archive/deprecated/app-dist/dist/assets/index-DFQSWpEJ.js
/Users/stevenreid/Library/Application Support/Claude/local-agent-mode-sessions/e19b2fa8-926d-43d7-b606-382e730a4423/89e6069e-a4d4-49b9-a436-f538793c3944/local_f4bdd818-09b7-4abb-b833-c3553bc67103/outputs/sds-workbench/dist/index.html,html,text/html,571,7533b0fc7ca677a5580cc0d87c1f8197c947aae388c437fc76239101ea2f05da,app/tooling,built_artifact,artifact,archive/deprecated/app-dist/dist/index.html,unique,1,copied,archive/deprecated/app-dist/dist/index.html
/Users/stevenreid/Library/Application Support/Claude/local-agent-mode-sessions/e19b2fa8-926d-43d7-b606-382e730a4423/89e6069e-a4d4-49b9-a436-f538793c3944/local_f4bdd818-09b7-4abb-b833-c3553bc67103/outputs/sds-explorer-repo/.gitignore,none,unknown,32,3cba95ec641abb6edd21b1680aaae099810a6b697f6dfd457fbe6dbff489943e,app/tooling,legacy_app_variant,artifact,archive/deprecated/sds-explorer-repo/.gitignore,unique,1,copied,archive/deprecated/sds-explorer-repo/.gitignore
/Users/stevenreid/Library/Application Support/Claude/local-agent-mode-sessions/e19b2fa8-926d-43d7-b606-382e730a4423/89e6069e-a4d4-49b9-a436-f538793c3944/local_f4bdd818-09b7-4abb-b833-c3553bc67103/outputs/sds-explorer-repo/IMPLEMENTATION_NOTES.md,md,text/markdown,3452,5b7b66f3df5f5398190af41a4dc4d040d6ca2c27ad225a4cf3455a73a37e5e29,app/tooling,legacy_app_variant,artifact,archive/deprecated/sds-explorer-repo/IMPLEMENTATION_NOTES.md,duplicate_exact,2,copied,archive/deprecated/sds-explorer-repo/IMPLEMENTATION_NOTES.md
/Users/stevenreid/Library/Application Support/Claude/local-agent-mode-sessions/e19b2fa8-926d-43d7-b606-382e730a4423/89e6069e-a4d4-49b9-a436-f538793c3944/local_f4bdd818-09b7-4abb-b833-c3553bc67103/outputs/sds-explorer-repo/README.md,md,text/markdown,3294,5bf768ac67f1319a9970fc852a7dfdfd4854796f17eb405e6ce6db3b76890593,app/tooling,legacy_app_variant,artifact,archive/deprecated/sds-explorer-repo/README.md,duplicate_exact,2,copied,archive/deprecated/sds-explorer-repo/README.md
/Users/stevenreid/Library/Application Support/Claude/local-agent-mode-sessions/e19b2fa8-926d-43d7-b606-382e730a4423/89e6069e-a4d4-49b9-a436-f538793c3944/local_f4bdd818-09b7-4abb-b833-c3553bc67103/outputs/sds-explorer-repo/ROADMAP.md,md,text/markdown,3600,424d027da5e54acd5a62c4a31f5ae5f30013a3b6f77eab1654eb1d23840cf848,app/tooling,legacy_app_variant,artifact,archive/deprecated/sds-explorer-repo/ROADMAP.md,duplicate_exact,2,copied,archive/deprecated/sds-explorer-repo/ROADMAP.md
/Users/stevenreid/Library/Application Support/Claude/local-agent-mode-sessions/e19b2fa8-926d-43d7-b606-382e730a4423/89e6069e-a4d4-49b9-a436-f538793c3944/local_f4bdd818-09b7-4abb-b833-c3553bc67103/outputs/sds-explorer-repo/index.html,html,text/html,65716,9fcffdf72c3b77a9a84d1179798de25a2a252098443bae19a2418429861157ac,app/tooling,legacy_app_variant,artifact,archive/deprecated/sds-explorer-repo/index.html,duplicate_exact,2,copied,archive/deprecated/sds-explorer-repo/index.html
/Users/stevenreid/Library/Application Support/Claude/local-agent-mode-sessions/e19b2fa8-926d-43d7-b606-382e730a4423/89e6069e-a4d4-49b9-a436-f538793c3944/local_f4bdd818-09b7-4abb-b833-c3553bc67103/outputs/sds-explorer-IMPLEMENTATION_NOTES.md,md,text/markdown,3452,5b7b66f3df5f5398190af41a4dc4d040d6ca2c27ad225a4cf3455a73a37e5e29,app/tooling,legacy_single_file_app,artifact,archive/deprecated/sds-explorer/sds-explorer-IMPLEMENTATION_NOTES.md,duplicate_exact,2,copied,archive/deprecated/sds-explorer/sds-explorer-IMPLEMENTATION_NOTES.md
/Users/stevenreid/Library/Application Support/Claude/local-agent-mode-sessions/e19b2fa8-926d-43d7-b606-382e730a4423/89e6069e-a4d4-49b9-a436-f538793c3944/local_f4bdd818-09b7-4abb-b833-c3553bc67103/outputs/sds-explorer-README.md,md,text/markdown,3294,5bf768ac67f1319a9970fc852a7dfdfd4854796f17eb405e6ce6db3b76890593,app/tooling,legacy_single_file_app,artifact,archive/deprecated/sds-explorer/sds-explorer-README.md,duplicate_exact,2,copied,archive/deprecated/sds-explorer/sds-explorer-README.md
/Users/stevenreid/Library/Application Support/Claude/local-agent-mode-sessions/e19b2fa8-926d-43d7-b606-382e730a4423/89e6069e-a4d4-49b9-a436-f538793c3944/local_f4bdd818-09b7-4abb-b833-c3553bc67103/outputs/sds-explorer-ROADMAP.md,md,text/markdown,3600,424d027da5e54acd5a62c4a31f5ae5f30013a3b6f77eab1654eb1d23840cf848,app/tooling,legacy_single_file_app,artifact,archive/deprecated/sds-explorer/sds-explorer-ROADMAP.md,duplicate_exact,2,copied,archive/deprecated/sds-explorer/sds-explorer-ROADMAP.md
/Users/stevenreid/Library/Application Support/Claude/local-agent-mode-sessions/e19b2fa8-926d-43d7-b606-382e730a4423/89e6069e-a4d4-49b9-a436-f538793c3944/local_f4bdd818-09b7-4abb-b833-c3553bc67103/outputs/sds-explorer.html,html,text/html,65716,9fcffdf72c3b77a9a84d1179798de25a2a252098443bae19a2418429861157ac,app/tooling,legacy_single_file_app,artifact,archive/deprecated/sds-explorer/sds-explorer.html,duplicate_exact,2,copied,archive/deprecated/sds-explorer/sds-explorer.html
/Users/stevenreid/Library/Application Support/Claude/local-agent-mode-sessions/e19b2fa8-926d-43d7-b606-382e730a4423/89e6069e-a4d4-49b9-a436-f538793c3944/local_f4bdd818-09b7-4abb-b833-c3553bc67103/outputs/sds-workbench/src/App.js,js,text/javascript,1797,bfa300ec5766340c803d4debec005591679577d8fb601859babaa0bb31b9e53b,app/tooling,app_source,artifact,archive/deprecated/sds-workbench-js-mirror/App.js,unique,1,copied,archive/deprecated/sds-workbench-js-mirror/App.js
/Users/stevenreid/Library/Application Support/Claude/local-agent-mode-sessions/e19b2fa8-926d-43d7-b606-382e730a4423/89e6069e-a4d4-49b9-a436-f538793c3944/local_f4bdd818-09b7-4abb-b833-c3553bc67103/outputs/sds-workbench/src/components/layout/Sidebar.js,js,text/javascript,11528,e8919e5058a31c06dda9c47701338a930fe8bb64fc5efb6aae3aafb557d6df20,app/tooling,app_source,artifact,archive/deprecated/sds-workbench-js-mirror/components/layout/Sidebar.js,unique,1,copied,archive/deprecated/sds-workbench-js-mirror/components/layout/Sidebar.js
/Users/stevenreid/Library/Application Support/Claude/local-agent-mode-sessions/e19b2fa8-926d-43d7-b606-382e730a4423/89e6069e-a4d4-49b9-a436-f538793c3944/local_f4bdd818-09b7-4abb-b833-c3553bc67103/outputs/sds-workbench/src/components/layout/TopBar.js,js,text/javascript,2100,cfb0bd30fd3b55416bef6b27e88ad2d4e5b370a4afe250b23fa942f9b535d947,app/tooling,app_source,artifact,archive/deprecated/sds-workbench-js-mirror/components/layout/TopBar.js,unique,1,copied,archive/deprecated/sds-workbench-js-mirror/components/layout/TopBar.js
/Users/stevenreid/Library/Application Support/Claude/local-agent-mode-sessions/e19b2fa8-926d-43d7-b606-382e730a4423/89e6069e-a4d4-49b9-a436-f538793c3944/local_f4bdd818-09b7-4abb-b833-c3553bc67103/outputs/sds-workbench/src/components/tabs/CompareTab.js,js,text/javascript,5551,12803b5cf4ca4f327cbaeddb46ac64e5a30414d09c74212fdcebc056789126a9,app/tooling,app_source,artifact,archive/deprecated/sds-workbench-js-mirror/components/tabs/CompareTab.js,unique,1,copied,archive/deprecated/sds-workbench-js-mirror/components/tabs/CompareTab.js
/Users/stevenreid/Library/Application Support/Claude/local-agent-mode-sessions/e19b2fa8-926d-43d7-b606-382e730a4423/89e6069e-a4d4-49b9-a436-f538793c3944/local_f4bdd818-09b7-4abb-b833-c3553bc67103/outputs/sds-workbench/src/components/tabs/ExploreTab.js,js,text/javascript,3842,cb4684a99fced86fdcf7088f2e1039289e573292a0008f09afe40e4344297990,app/tooling,app_source,artifact,archive/deprecated/sds-workbench-js-mirror/components/tabs/ExploreTab.js,unique,1,copied,archive/deprecated/sds-workbench-js-mirror/components/tabs/ExploreTab.js
/Users/stevenreid/Library/Application Support/Claude/local-agent-mode-sessions/e19b2fa8-926d-43d7-b606-382e730a4423/89e6069e-a4d4-49b9-a436-f538793c3944/local_f4bdd818-09b7-4abb-b833-c3553bc67103/outputs/sds-workbench/src/components/tabs/ExportTab.js,js,text/javascript,4054,1a152640aafbcd891197fdf17357357318f37a1559231e176649389197830967,app/tooling,app_source,artifact,archive/deprecated/sds-workbench-js-mirror/components/tabs/ExportTab.js,unique,1,copied,archive/deprecated/sds-workbench-js-mirror/components/tabs/ExportTab.js
/Users/stevenreid/Library/Application Support/Claude/local-agent-mode-sessions/e19b2fa8-926d-43d7-b606-382e730a4423/89e6069e-a4d4-49b9-a436-f538793c3944/local_f4bdd818-09b7-4abb-b833-c3553bc67103/outputs/sds-workbench/src/components/tabs/GeometryTab.js,js,text/javascript,4317,83675123a85885ad4a3887870ab01271cba73e212f386172ef9ffd06ac02eea5,app/tooling,app_source,artifact,archive/deprecated/sds-workbench-js-mirror/components/tabs/GeometryTab.js,unique,1,copied,archive/deprecated/sds-workbench-js-mirror/components/tabs/GeometryTab.js
/Users/stevenreid/Library/Application Support/Claude/local-agent-mode-sessions/e19b2fa8-926d-43d7-b606-382e730a4423/89e6069e-a4d4-49b9-a436-f538793c3944/local_f4bdd818-09b7-4abb-b833-c3553bc67103/outputs/sds-workbench/src/components/tabs/ThermodynamicsTab.js,js,text/javascript,5180,395562e18e82b6d31a77fbf9e7efa30972dc2a9bd5808e89eac24b1f8415a1ed,app/tooling,app_source,artifact,archive/deprecated/sds-workbench-js-mirror/components/tabs/ThermodynamicsTab.js,unique,1,copied,archive/deprecated/sds-workbench-js-mirror/components/tabs/ThermodynamicsTab.js
/Users/stevenreid/Library/Application Support/Claude/local-agent-mode-sessions/e19b2fa8-926d-43d7-b606-382e730a4423/89e6069e-a4d4-49b9-a436-f538793c3944/local_f4bdd818-09b7-4abb-b833-c3553bc67103/outputs/sds-workbench/src/components/ui/CopyButton.js,js,text/javascript,534,6219066d18cd3efebd49aaae280643d127b821e09859b4bb402f0a1485a9be76,app/tooling,app_source,artifact,archive/deprecated/sds-workbench-js-mirror/components/ui/CopyButton.js,unique,1,copied,archive/deprecated/sds-workbench-js-mirror/components/ui/CopyButton.js
/Users/stevenreid/Library/Application Support/Claude/local-agent-mode-sessions/e19b2fa8-926d-43d7-b606-382e730a4423/89e6069e-a4d4-49b9-a436-f538793c3944/local_f4bdd818-09b7-4abb-b833-c3553bc67103/outputs/sds-workbench/src/components/visuals/EisensteinArc.js,js,text/javascript,4084,4e9ca923c5192f03e45f18907780fa82b70ad92fcfe4ec6f307f293853d31487,app/tooling,app_source,artifact,archive/deprecated/sds-workbench-js-mirror/components/visuals/EisensteinArc.js,unique,1,copied,archive/deprecated/sds-workbench-js-mirror/components/visuals/EisensteinArc.js
/Users/stevenreid/Library/Application Support/Claude/local-agent-mode-sessions/e19b2fa8-926d-43d7-b606-382e730a4423/89e6069e-a4d4-49b9-a436-f538793c3944/local_f4bdd818-09b7-4abb-b833-c3553bc67103/outputs/sds-workbench/src/components/visuals/EntropyBudget.js,js,text/javascript,2913,dc87f86be031565b5d46ae3a768628cf8ddfa656a70c5a477a301d9378dc1161,app/tooling,app_source,artifact,archive/deprecated/sds-workbench-js-mirror/components/visuals/EntropyBudget.js,unique,1,copied,archive/deprecated/sds-workbench-js-mirror/components/visuals/EntropyBudget.js
/Users/stevenreid/Library/Application Support/Claude/local-agent-mode-sessions/e19b2fa8-926d-43d7-b606-382e730a4423/89e6069e-a4d4-49b9-a436-f538793c3944/local_f4bdd818-09b7-4abb-b833-c3553bc67103/outputs/sds-workbench/src/components/visuals/RadialDiagram.js,js,text/javascript,3770,eb22acd8e4c78a5a1bf0d449d0e475a1046314c52aa54badf39fe6a098627bfb,app/tooling,app_source,artifact,archive/deprecated/sds-workbench-js-mirror/components/visuals/RadialDiagram.js,unique,1,copied,archive/deprecated/sds-workbench-js-mirror/components/visuals/RadialDiagram.js
/Users/stevenreid/Library/Application Support/Claude/local-agent-mode-sessions/e19b2fa8-926d-43d7-b606-382e730a4423/89e6069e-a4d4-49b9-a436-f538793c3944/local_f4bdd818-09b7-4abb-b833-c3553bc67103/outputs/sds-workbench/src/components/visuals/ValidationPanel.js,js,text/javascript,1904,e580c3260bedf6a2b49f8123b0c6ff43e0478912f24aaab8266f3b6edf434f16,app/tooling,app_source,artifact,archive/deprecated/sds-workbench-js-mirror/components/visuals/ValidationPanel.js,unique,1,copied,archive/deprecated/sds-workbench-js-mirror/components/visuals/ValidationPanel.js
/Users/stevenreid/Library/Application Support/Claude/local-agent-mode-sessions/e19b2fa8-926d-43d7-b606-382e730a4423/89e6069e-a4d4-49b9-a436-f538793c3944/local_f4bdd818-09b7-4abb-b833-c3553bc67103/outputs/sds-workbench/src/engine/format.js,js,text/javascript,616,375e902e42b68d651aa0b10c8089e8b7509e9f62a5a906ac4c1e564c6ca39ee4,app/tooling,app_source,artifact,archive/deprecated/sds-workbench-js-mirror/engine/format.js,unique,1,copied,archive/deprecated/sds-workbench-js-mirror/engine/format.js
/Users/stevenreid/Library/Application Support/Claude/local-agent-mode-sessions/e19b2fa8-926d-43d7-b606-382e730a4423/89e6069e-a4d4-49b9-a436-f538793c3944/local_f4bdd818-09b7-4abb-b833-c3553bc67103/outputs/sds-workbench/src/engine/physics.js,js,text/javascript,2884,ae41a29bbe53beef27528bc826a89393fae09345406da8a91556e9b3c9949666,app/tooling,app_source,artifact,archive/deprecated/sds-workbench-js-mirror/engine/physics.js,unique,1,copied,archive/deprecated/sds-workbench-js-mirror/engine/physics.js
/Users/stevenreid/Library/Application Support/Claude/local-agent-mode-sessions/e19b2fa8-926d-43d7-b606-382e730a4423/89e6069e-a4d4-49b9-a436-f538793c3944/local_f4bdd818-09b7-4abb-b833-c3553bc67103/outputs/sds-workbench/src/engine/types.js,js,text/javascript,11,8e609bb71c20b858c77f0e9f90bb1319db8477b13f9f965f1a1e18524bf50881,app/tooling,app_source,artifact,archive/deprecated/sds-workbench-js-mirror/engine/types.js,unique,1,copied,archive/deprecated/sds-workbench-js-mirror/engine/types.js
/Users/stevenreid/Library/Application Support/Claude/local-agent-mode-sessions/e19b2fa8-926d-43d7-b606-382e730a4423/89e6069e-a4d4-49b9-a436-f538793c3944/local_f4bdd818-09b7-4abb-b833-c3553bc67103/outputs/sds-workbench/src/main.js,js,text/javascript,256,74b5a1508fe274debae41ed647466ba6c8860bd9df91c4ea1690d7a6a4ca00cf,app/tooling,app_source,artifact,archive/deprecated/sds-workbench-js-mirror/main.js,unique,1,copied,archive/deprecated/sds-workbench-js-mirror/main.js
/Users/stevenreid/Library/Application Support/Claude/local-agent-mode-sessions/e19b2fa8-926d-43d7-b606-382e730a4423/89e6069e-a4d4-49b9-a436-f538793c3944/local_f4bdd818-09b7-4abb-b833-c3553bc67103/outputs/sds-workbench/src/store/appStore.js,js,text/javascript,2813,390671cc4df20c635e4681648d0572cd1be5d2e8f64f94209c35758c7398db62,app/tooling,app_source,artifact,archive/deprecated/sds-workbench-js-mirror/store/appStore.js,unique,1,copied,archive/deprecated/sds-workbench-js-mirror/store/appStore.js
/Users/stevenreid/Library/Application Support/Claude/local-agent-mode-sessions/e19b2fa8-926d-43d7-b606-382e730a4423/89e6069e-a4d4-49b9-a436-f538793c3944/local_f4bdd818-09b7-4abb-b833-c3553bc67103/outputs/sds-workbench/src/utils/export.js,js,text/javascript,2506,96516554408b13015fd8ba6cf82cd4d44acc0386e892621734464316a6500b25,app/tooling,app_source,artifact,archive/deprecated/sds-workbench-js-mirror/utils/export.js,unique,1,copied,archive/deprecated/sds-workbench-js-mirror/utils/export.js
/Users/stevenreid/Library/Application Support/Claude/local-agent-mode-sessions/e19b2fa8-926d-43d7-b606-382e730a4423/89e6069e-a4d4-49b9-a436-f538793c3944/local_f4bdd818-09b7-4abb-b833-c3553bc67103/outputs/sds-workbench/src/utils/storage.js,js,text/javascript,996,e8fd9e126a1a065d1b9cc800989f7bcdf46960a18988fca9196b9c083d1694c6,app/tooling,app_source,artifact,archive/deprecated/sds-workbench-js-mirror/utils/storage.js,unique,1,copied,archive/deprecated/sds-workbench-js-mirror/utils/storage.js
/Users/stevenreid/Library/Application Support/Claude/local-agent-mode-sessions/e19b2fa8-926d-43d7-b606-382e730a4423/89e6069e-a4d4-49b9-a436-f538793c3944/local_f4bdd818-09b7-4abb-b833-c3553bc67103/outputs/sds-workbench/src/utils/url.js,js,text/javascript,1011,948a83b72c6ba8773f0d12ebf2f823ce58e7ac9780d027090bfd8f428f348150,app/tooling,app_source,artifact,archive/deprecated/sds-workbench-js-mirror/utils/url.js,unique,1,copied,archive/deprecated/sds-workbench-js-mirror/utils/url.js
/Users/stevenreid/Library/Application Support/Claude/local-agent-mode-sessions/e19b2fa8-926d-43d7-b606-382e730a4423/89e6069e-a4d4-49b9-a436-f538793c3944/local_f4bdd818-09b7-4abb-b833-c3553bc67103/outputs/delta_cd_discovery_stress_test.md,md,text/markdown,25693,5952fd5c1d7469ed0818de5d43fc731285132a38a3058044056fa4bef84f8df7,correction-gap,correction_gap_exploratory_doc,exploratory,archive/old-drafts/correction-gap/delta_cd_discovery_stress_test.md,unique,1,copied,archive/old-drafts/correction-gap/delta_cd_discovery_stress_test.md
/Users/stevenreid/Library/Application Support/Claude/local-agent-mode-sessions/e19b2fa8-926d-43d7-b606-382e730a4423/89e6069e-a4d4-49b9-a436-f538793c3944/local_f4bdd818-09b7-4abb-b833-c3553bc67103/outputs/delta_cd_forcing_final.md,md,text/markdown,19729,d632d29980d2ddfb6a593daa434db7d4541b4f671aca3071372ba17248be5a9a,correction-gap,correction_gap_exploratory_doc,exploratory,archive/old-drafts/correction-gap/delta_cd_forcing_final.md,unique,1,copied,archive/old-drafts/correction-gap/delta_cd_forcing_final.md
/Users/stevenreid/Library/Application Support/Claude/local-agent-mode-sessions/e19b2fa8-926d-43d7-b606-382e730a4423/89e6069e-a4d4-49b9-a436-f538793c3944/local_f4bdd818-09b7-4abb-b833-c3553bc67103/outputs/delta_cd_stress_test.md,md,text/markdown,34530,9c22eae4e196b7defa88cc17f9c06f950fa7118edb0e7e21383920adb836901a,correction-gap,correction_gap_exploratory_doc,exploratory,archive/old-drafts/correction-gap/delta_cd_stress_test.md,unique,1,copied,archive/old-drafts/correction-gap/delta_cd_stress_test.md
/Users/stevenreid/Library/Application Support/Claude/local-agent-mode-sessions/e19b2fa8-926d-43d7-b606-382e730a4423/89e6069e-a4d4-49b9-a436-f538793c3944/local_f4bdd818-09b7-4abb-b833-c3553bc67103/outputs/INDEX.txt,txt,text/plain,13300,ae794c83f0daae7ae1148bf8a25e4f8c7e3cf27bbf282528a9076cc835cdcf6e,app/tooling,legacy_summary,artifact,archive/old-drafts/legacy-export/INDEX.txt,unique,1,copied,archive/old-drafts/legacy-export/INDEX.txt
/Users/stevenreid/Library/Application Support/Claude/local-agent-mode-sessions/e19b2fa8-926d-43d7-b606-382e730a4423/89e6069e-a4d4-49b9-a436-f538793c3944/local_f4bdd818-09b7-4abb-b833-c3553bc67103/outputs/README.md,md,text/markdown,6208,b3f1821428880ff34f304566afeb68619c35c292d205ddb7932cf26099dad240,app/tooling,legacy_summary,artifact,archive/old-drafts/legacy-export/README.md,unique,1,copied,archive/old-drafts/legacy-export/README.md
/Users/stevenreid/Library/Application Support/Claude/local-agent-mode-sessions/e19b2fa8-926d-43d7-b606-382e730a4423/89e6069e-a4d4-49b9-a436-f538793c3944/local_f4bdd818-09b7-4abb-b833-c3553bc67103/outputs/VERIFICATION.txt,txt,text/plain,10277,17aa99419d5697cfe28ba219f65b4a98d8c3cf8738ac1648e4bdd18542f56095,app/tooling,legacy_summary,artifact,archive/old-drafts/legacy-export/VERIFICATION.txt,unique,1,copied,archive/old-drafts/legacy-export/VERIFICATION.txt
/Users/stevenreid/Downloads/recursive_spacetime_working_doc.pdf,pdf,application/pdf,2542,185d0e0f85d8d9cace6c134ec3f36ef1bfc0131681efcb1bac138e87d048983f,recursive-spacetime,recursive_pdf_draft_older,artifact,archive/old-drafts/recursive-spacetime-working-doc.pdf,unique,1,copied,archive/old-drafts/recursive-spacetime-working-doc.pdf
/Users/stevenreid/Downloads/2.docx,docx,application/vnd.openxmlformats-officedocument.wordprocessingml.document,23529,d4fb20c217ad54c5512c3e074fdf26ce2e003c084040ad4c87863948b9f589b5,correction-gap,llm_scratch_thoughts,artifact,archive/raw-imports/2.docx,unique,1,copied,archive/raw-imports/2.docx
/Users/stevenreid/Downloads/check.docx,docx,application/vnd.openxmlformats-officedocument.wordprocessingml.document,17779,080066c3ea66dec052e0b241f7a215489a6c1ce04a8c255183d0cf3d2c6eb6e1,correction-gap,llm_scratch_thoughts,artifact,archive/raw-imports/check.docx,unique,1,copied,archive/raw-imports/check.docx
/Users/stevenreid/Library/Application Support/Claude/local-agent-mode-sessions/e19b2fa8-926d-43d7-b606-382e730a4423/89e6069e-a4d4-49b9-a436-f538793c3944/local_f4bdd818-09b7-4abb-b833-c3553bc67103/outputs/sds-workbench.html,html,text/html,699025,e32ce5fd28892f6e2b40b17347e3183c3177bdf7b80e350d8164baa297de676a,archive/history,archive_or_uncategorized,exploratory,archive/raw-imports/sds-workbench.html,unique,1,copied,archive/raw-imports/sds-workbench.html
/Users/stevenreid/Library/Application Support/Claude/local-agent-mode-sessions/e19b2fa8-926d-43d7-b606-382e730a4423/89e6069e-a4d4-49b9-a436-f538793c3944/local_f4bdd818-09b7-4abb-b833-c3553bc67103/outputs/recursive_spacetime_system/outputs/json/exp01_sds_baseline.json,json,application/json,893,1d09b9285dfb52fb03ff96556970917b1bc127803f27d4606583e4c740b88f2e,recursive-spacetime,recursive_result_json,empirical,data/generated/recursive_spacetime/exp01_sds_baseline.json,unique,1,copied,data/generated/recursive_spacetime/exp01_sds_baseline.json
/Users/stevenreid/Library/Application Support/Claude/local-agent-mode-sessions/e19b2fa8-926d-43d7-b606-382e730a4423/89e6069e-a4d4-49b9-a436-f538793c3944/local_f4bdd818-09b7-4abb-b833-c3553bc67103/outputs/recursive_spacetime_system/outputs/csv/exp02_gradient_both_orbit.csv,csv,text/csv,102421,84084884d8658c287f66e15c81c20b527d85a8cf5789d57bd7fb3a85e760bbc0,recursive-spacetime,recursive_result_csv,empirical,data/generated/recursive_spacetime/exp02_gradient_both_orbit.csv,unique,1,copied,data/generated/recursive_spacetime/exp02_gradient_both_orbit.csv
/Users/stevenreid/Library/Application Support/Claude/local-agent-mode-sessions/e19b2fa8-926d-43d7-b606-382e730a4423/89e6069e-a4d4-49b9-a436-f538793c3944/local_f4bdd818-09b7-4abb-b833-c3553bc67103/outputs/recursive_spacetime_system/outputs/json/exp02_parameter_flows.json,json,application/json,3526,edb49c663ef18072d939ccb64166cbe4a3fab34ec8b5c8bc81f78a4c206168d0,recursive-spacetime,recursive_result_json,empirical,data/generated/recursive_spacetime/exp02_parameter_flows.json,unique,1,copied,data/generated/recursive_spacetime/exp02_parameter_flows.json
/Users/stevenreid/Library/Application Support/Claude/local-agent-mode-sessions/e19b2fa8-926d-43d7-b606-382e730a4423/89e6069e-a4d4-49b9-a436-f538793c3944/local_f4bdd818-09b7-4abb-b833-c3553bc67103/outputs/recursive_spacetime_system/outputs/csv/exp03_circular_orbit.csv,csv,text/csv,136843,2b11e9cd4aed17954b8cd15a013575e39fb5bd1a87a6748a707b06e04df4e21a,recursive-spacetime,recursive_result_csv,empirical,data/generated/recursive_spacetime/exp03_circular_orbit.csv,unique,1,copied,data/generated/recursive_spacetime/exp03_circular_orbit.csv
/Users/stevenreid/Library/Application Support/Claude/local-agent-mode-sessions/e19b2fa8-926d-43d7-b606-382e730a4423/89e6069e-a4d4-49b9-a436-f538793c3944/local_f4bdd818-09b7-4abb-b833-c3553bc67103/outputs/recursive_spacetime_system/outputs/json/exp03_rnds.json,json,application/json,4603,151693c9c77db9105ba647df5f0ecffcf7f5f46b7b134239244fe909f8ea7361,recursive-spacetime,recursive_result_json,empirical,data/generated/recursive_spacetime/exp03_rnds.json,unique,1,copied,data/generated/recursive_spacetime/exp03_rnds.json
/Users/stevenreid/Library/Application Support/Claude/local-agent-mode-sessions/e19b2fa8-926d-43d7-b606-382e730a4423/89e6069e-a4d4-49b9-a436-f538793c3944/local_f4bdd818-09b7-4abb-b833-c3553bc67103/outputs/recursive_spacetime_system/outputs/json/exp04_scalar_field.json,json,application/json,4867,93dafd66e98c49cdf1b54425874e3b7c519d73cd0b7230933c20ecbdd464258a,recursive-spacetime,recursive_result_json,empirical,data/generated/recursive_spacetime/exp04_scalar_field.json,unique,1,copied,data/generated/recursive_spacetime/exp04_scalar_field.json
/Users/stevenreid/Library/Application Support/Claude/local-agent-mode-sessions/e19b2fa8-926d-43d7-b606-382e730a4423/89e6069e-a4d4-49b9-a436-f538793c3944/local_f4bdd818-09b7-4abb-b833-c3553bc67103/outputs/recursive_spacetime_system/outputs/json/exp05_robustness.json,json,application/json,1902,a12dde55e0745ee82858fc364bc22a83b4beafdec90633909ae5ef56aea26dd6,recursive-spacetime,recursive_result_json,empirical,data/generated/recursive_spacetime/exp05_robustness.json,unique,1,copied,data/generated/recursive_spacetime/exp05_robustness.json
/Users/stevenreid/Library/Application Support/Claude/local-agent-mode-sessions/e19b2fa8-926d-43d7-b606-382e730a4423/89e6069e-a4d4-49b9-a436-f538793c3944/local_f4bdd818-09b7-4abb-b833-c3553bc67103/outputs/recursive_spacetime_system/outputs/json/exp06_comparison.json,json,application/json,2180,1b43d823fed9a9a91520d7b163037b360c06a49b655980ba4c07febd977e1a7c,recursive-spacetime,recursive_result_json,empirical,data/generated/recursive_spacetime/exp06_comparison.json,unique,1,copied,data/generated/recursive_spacetime/exp06_comparison.json
/Users/stevenreid/Library/Application Support/Claude/local-agent-mode-sessions/e19b2fa8-926d-43d7-b606-382e730a4423/89e6069e-a4d4-49b9-a436-f538793c3944/local_f4bdd818-09b7-4abb-b833-c3553bc67103/outputs/recursive_horizon_project/outputs/exp01_symmetric_fixed_points.json,json,application/json,14817,81607f11f47fd24a28ce152982e786d93666723b0ff5e1058ddbe48ff5eabe39,recursive-spacetime,recursive_horizon_output,empirical,data/generated/rnds/exp01_symmetric_fixed_points.json,unique,1,copied,data/generated/rnds/exp01_symmetric_fixed_points.json
/Users/stevenreid/Library/Application Support/Claude/local-agent-mode-sessions/e19b2fa8-926d-43d7-b606-382e730a4423/89e6069e-a4d4-49b9-a436-f538793c3944/local_f4bdd818-09b7-4abb-b833-c3553bc67103/outputs/recursive_horizon_project/outputs/exp02_coupled_orbits.json,json,application/json,11211,fc616ffa36c50d80696af148313d053051266f21d5230ff6e3f55036ec8ee6fc,recursive-spacetime,recursive_horizon_output,empirical,data/generated/rnds/exp02_coupled_orbits.json,unique,1,copied,data/generated/rnds/exp02_coupled_orbits.json
/Users/stevenreid/Library/Application Support/Claude/local-agent-mode-sessions/e19b2fa8-926d-43d7-b606-382e730a4423/89e6069e-a4d4-49b9-a436-f538793c3944/local_f4bdd818-09b7-4abb-b833-c3553bc67103/outputs/recursive_horizon_project/outputs/exp02_detail_orbit.csv,csv,text/csv,375149,49fbf7c68e135e488e9aecad98e8ba6cbd4c2f6cdf15771f310cafd185e388f0,recursive-spacetime,recursive_horizon_output,empirical,data/generated/rnds/exp02_detail_orbit.csv,unique,1,copied,data/generated/rnds/exp02_detail_orbit.csv
/Users/stevenreid/Library/Application Support/Claude/local-agent-mode-sessions/e19b2fa8-926d-43d7-b606-382e730a4423/89e6069e-a4d4-49b9-a436-f538793c3944/local_f4bdd818-09b7-4abb-b833-c3553bc67103/outputs/recursive_horizon_project/outputs/exp03_parameter_sweep.json,json,application/json,6996,fc03c052588bc7328a7b1a22110ebc464b8a57711f02999a6b3feda604e4b809,recursive-spacetime,recursive_horizon_output,empirical,data/generated/rnds/exp03_parameter_sweep.json,unique,1,copied,data/generated/rnds/exp03_parameter_sweep.json
/Users/stevenreid/Library/Application Support/Claude/local-agent-mode-sessions/e19b2fa8-926d-43d7-b606-382e730a4423/89e6069e-a4d4-49b9-a436-f538793c3944/local_f4bdd818-09b7-4abb-b833-c3553bc67103/outputs/recursive_horizon_project/outputs/exp04_spectral_dimension.json,json,application/json,1484,d6b6d1bfcca94d0b943fcd84e62177165562007607ebe862a9f7e78d31bac5ed,recursive-spacetime,recursive_horizon_output,empirical,data/generated/rnds/exp04_spectral_dimension.json,unique,1,copied,data/generated/rnds/exp04_spectral_dimension.json
/Users/stevenreid/Library/Application Support/Claude/local-agent-mode-sessions/e19b2fa8-926d-43d7-b606-382e730a4423/89e6069e-a4d4-49b9-a436-f538793c3944/local_f4bdd818-09b7-4abb-b833-c3553bc67103/outputs/recursive_horizon_project/outputs/exp05_rdt_weighting.json,json,application/json,3674,d2e28227ad1a82ff38c6d7387329cb90a4f5079e059b5857101f89b56b831e99,recursive-spacetime,recursive_horizon_output,empirical,data/generated/rnds/exp05_rdt_weighting.json,unique,1,copied,data/generated/rnds/exp05_rdt_weighting.json
/Users/stevenreid/Library/Application Support/Claude/local-agent-mode-sessions/e19b2fa8-926d-43d7-b606-382e730a4423/89e6069e-a4d4-49b9-a436-f538793c3944/local_f4bdd818-09b7-4abb-b833-c3553bc67103/outputs/spectral_horizon_research/results/exp01_wkb_baseline.json,json,application/json,2610,28bc211e434bed8f7e29541bb422bfc2d2f67cb02ee2f059f4a079469ffc0016,spectral/qnm,spectral_experiment_result,empirical,data/generated/spectral/exp01_wkb_baseline.json,unique,1,copied,data/generated/spectral/exp01_wkb_baseline.json
/Users/stevenreid/Library/Application Support/Claude/local-agent-mode-sessions/e19b2fa8-926d-43d7-b606-382e730a4423/89e6069e-a4d4-49b9-a436-f538793c3944/local_f4bdd818-09b7-4abb-b833-c3553bc67103/outputs/spectral_horizon_research/results/exp02_fn_curves.json,json,application/json,45091,b595f209bf6ae10266a34a3c86f1bbb3ac5baf9b98262979c6991989e9b481d9,spectral/qnm,spectral_experiment_result,empirical,data/generated/spectral/exp02_fn_curves.json,unique,1,copied,data/generated/spectral/exp02_fn_curves.json
/Users/stevenreid/Library/Application Support/Claude/local-agent-mode-sessions/e19b2fa8-926d-43d7-b606-382e730a4423/89e6069e-a4d4-49b9-a436-f538793c3944/local_f4bdd818-09b7-4abb-b833-c3553bc67103/outputs/spectral_horizon_research/results/exp02_lambda_scaling.json,json,application/json,1343,a046de2cb1d3c50aef7353a5b2af6754596f71f8ad46ae4cff90ce92f14f21c5,spectral/qnm,spectral_experiment_result,empirical,data/generated/spectral/exp02_lambda_scaling.json,unique,1,copied,data/generated/spectral/exp02_lambda_scaling.json
/Users/stevenreid/Library/Application Support/Claude/local-agent-mode-sessions/e19b2fa8-926d-43d7-b606-382e730a4423/89e6069e-a4d4-49b9-a436-f538793c3944/local_f4bdd818-09b7-4abb-b833-c3553bc67103/outputs/spectral_horizon_research/results/exp03_eisenstein_spectral.json,json,application/json,459,c9ff8ebdfdbc8244a52972837db71568e20fe86dc7103d79e1171a05df232d2f,spectral/qnm,spectral_experiment_result,empirical,data/generated/spectral/exp03_eisenstein_spectral.json,unique,1,copied,data/generated/spectral/exp03_eisenstein_spectral.json
/Users/stevenreid/Library/Application Support/Claude/local-agent-mode-sessions/e19b2fa8-926d-43d7-b606-382e730a4423/89e6069e-a4d4-49b9-a436-f538793c3944/local_f4bdd818-09b7-4abb-b833-c3553bc67103/outputs/spectral_horizon_research/results/exp04_inverse_spectroscopy.json,json,application/json,535,8514d263bfc7acce6c05ee80491d14230116354daa4475b0d0eb425449bfe8f2,spectral/qnm,spectral_experiment_result,empirical,data/generated/spectral/exp04_inverse_spectroscopy.json,unique,1,copied,data/generated/spectral/exp04_inverse_spectroscopy.json
/Users/stevenreid/Library/Application Support/Claude/local-agent-mode-sessions/e19b2fa8-926d-43d7-b606-382e730a4423/89e6069e-a4d4-49b9-a436-f538793c3944/local_f4bdd818-09b7-4abb-b833-c3553bc67103/outputs/spectral_horizon_research/results/exp05_rdt_overtone.json,json,application/json,1144,a0d234226da80fe38ca22a1b9ffc089772d26cca2229fb39b19800fb168d458c,spectral/qnm,spectral_experiment_result,empirical,data/generated/spectral/exp05_rdt_overtone.json,unique,1,copied,data/generated/spectral/exp05_rdt_overtone.json
/Users/stevenreid/Library/Application Support/Claude/local-agent-mode-sessions/e19b2fa8-926d-43d7-b606-382e730a4423/89e6069e-a4d4-49b9-a436-f538793c3944/local_f4bdd818-09b7-4abb-b833-c3553bc67103/outputs/spectral_horizon_research/results/run_summary.json,json,application/json,449,6e32f25da10acb5d9edd6385bf5ccd1dbf53d2edc97e14889d66726e1d279841,spectral/qnm,spectral_experiment_result,empirical,data/generated/spectral/run_summary.json,unique,1,copied,data/generated/spectral/run_summary.json
/Users/stevenreid/Library/Application Support/Claude/local-agent-mode-sessions/e19b2fa8-926d-43d7-b606-382e730a4423/89e6069e-a4d4-49b9-a436-f538793c3944/local_f4bdd818-09b7-4abb-b833-c3553bc67103/outputs/sds-workbench/BUILD_REPORT.md,md,text/markdown,7211,d9c08f13bc75901322668fe268324559c9e24670402f7a8d5dd12b6d91f9d2f6,app/tooling,app_project_meta,exact+exploratory,docs/app/source-notes/BUILD_REPORT.md,unique,1,copied,docs/app/source-notes/BUILD_REPORT.md
/Users/stevenreid/Library/Application Support/Claude/local-agent-mode-sessions/e19b2fa8-926d-43d7-b606-382e730a4423/89e6069e-a4d4-49b9-a436-f538793c3944/local_f4bdd818-09b7-4abb-b833-c3553bc67103/outputs/sds-workbench/README.md,md,text/markdown,3575,362aea96c5a138df9008b792e9c43825c2f2ac2a7f60d87a05b3ccfd6345ba4d,app/tooling,app_project_meta,exact+exploratory,docs/app/source-notes/README.md,unique,1,copied,docs/app/source-notes/README.md
/Users/stevenreid/Library/Application Support/Claude/local-agent-mode-sessions/e19b2fa8-926d-43d7-b606-382e730a4423/89e6069e-a4d4-49b9-a436-f538793c3944/local_f4bdd818-09b7-4abb-b833-c3553bc67103/outputs/correction_gap_formalization.md,md,text/markdown,46081,578242accb980511588ddbecf3735410c5cd2576c0fb248e674756ed82120fa7,correction-gap,correction_gap_core_doc,approximation-based,docs/correction-gap/correction_gap_formalization.md,unique,1,copied,docs/correction-gap/correction_gap_formalization.md
/Users/stevenreid/Library/Application Support/Claude/local-agent-mode-sessions/e19b2fa8-926d-43d7-b606-382e730a4423/89e6069e-a4d4-49b9-a436-f538793c3944/local_f4bdd818-09b7-4abb-b833-c3553bc67103/outputs/correction_gap_universality.md,md,text/markdown,31896,68a0199e34be8b7a49c19659ace42d0a9ad2e1878793246db3e8fe26f8313689,correction-gap,correction_gap_core_doc,approximation-based,docs/correction-gap/correction_gap_universality.md,unique,1,copied,docs/correction-gap/correction_gap_universality.md
/Users/stevenreid/Library/Application Support/Claude/local-agent-mode-sessions/e19b2fa8-926d-43d7-b606-382e730a4423/89e6069e-a4d4-49b9-a436-f538793c3944/local_f4bdd818-09b7-4abb-b833-c3553bc67103/outputs/cross_domain_analysis.md,md,text/markdown,31141,190ea934b069f9439ef4459a08954f9793dc6216ac73a9ac80366fcfb865cea6,correction-gap,correction_gap_core_doc,approximation-based,docs/correction-gap/cross_domain_analysis.md,unique,1,copied,docs/correction-gap/cross_domain_analysis.md
/Users/stevenreid/Library/Application Support/Claude/local-agent-mode-sessions/e19b2fa8-926d-43d7-b606-382e730a4423/89e6069e-a4d4-49b9-a436-f538793c3944/local_f4bdd818-09b7-4abb-b833-c3553bc67103/outputs/spectral_horizon_research/figures/exp01_potential_profiles.png,png,image/png,94088,54bb5b54b6e31d79ddcaa9a32d02a4b6efd5a13b184a630ed160de79b2a804e5,spectral/qnm,spectral_figure,empirical,docs/figures/spectral/exp01_potential_profiles.png,unique,1,copied,docs/figures/spectral/exp01_potential_profiles.png
/Users/stevenreid/Library/Application Support/Claude/local-agent-mode-sessions/e19b2fa8-926d-43d7-b606-382e730a4423/89e6069e-a4d4-49b9-a436-f538793c3944/local_f4bdd818-09b7-4abb-b833-c3553bc67103/outputs/spectral_horizon_research/figures/exp02_lambda_scaling.png,png,image/png,173006,aa53cddb22e086194260e581df4d2f843cb0da306ddac08a1a22768944f24f51,spectral/qnm,spectral_figure,empirical,docs/figures/spectral/exp02_lambda_scaling.png,unique,1,copied,docs/figures/spectral/exp02_lambda_scaling.png
/Users/stevenreid/Library/Application Support/Claude/local-agent-mode-sessions/e19b2fa8-926d-43d7-b606-382e730a4423/89e6069e-a4d4-49b9-a436-f538793c3944/local_f4bdd818-09b7-4abb-b833-c3553bc67103/outputs/spectral_horizon_research/figures/exp03_eisenstein_spectral.png,png,image/png,277486,90fe330f7095f5f4395951063184182d2f20deba01645cdea4c3a2ccf29c267d,spectral/qnm,spectral_figure,empirical,docs/figures/spectral/exp03_eisenstein_spectral.png,unique,1,copied,docs/figures/spectral/exp03_eisenstein_spectral.png
/Users/stevenreid/Library/Application Support/Claude/local-agent-mode-sessions/e19b2fa8-926d-43d7-b606-382e730a4423/89e6069e-a4d4-49b9-a436-f538793c3944/local_f4bdd818-09b7-4abb-b833-c3553bc67103/outputs/spectral_horizon_research/figures/exp04_inverse_spectroscopy.png,png,image/png,176890,a5aaaa320f85ecf37f14c4290d944801b97004e3d4c8b0719fc79f61882c0c14,spectral/qnm,spectral_figure,empirical,docs/figures/spectral/exp04_inverse_spectroscopy.png,unique,1,copied,docs/figures/spectral/exp04_inverse_spectroscopy.png
/Users/stevenreid/Library/Application Support/Claude/local-agent-mode-sessions/e19b2fa8-926d-43d7-b606-382e730a4423/89e6069e-a4d4-49b9-a436-f538793c3944/local_f4bdd818-09b7-4abb-b833-c3553bc67103/outputs/spectral_horizon_research/figures/exp05_rdt_overtone.png,png,image/png,96258,87752b1e75af305c7f3c0fe2e160dd41fa6a42d6c885880d0a58cdfb666164b8,spectral/qnm,spectral_figure,empirical,docs/figures/spectral/exp05_rdt_overtone.png,unique,1,copied,docs/figures/spectral/exp05_rdt_overtone.png
/Users/stevenreid/Library/Application Support/Claude/local-agent-mode-sessions/e19b2fa8-926d-43d7-b606-382e730a4423/89e6069e-a4d4-49b9-a436-f538793c3944/local_f4bdd818-09b7-4abb-b833-c3553bc67103/outputs/recursive_spacetime_system/BASELINE_ASSESSMENT.md,md,text/markdown,6619,fad4fbc039246c9f0b2625645fa5cbe60f8cb288869bce0a7b0ef07231cf72ec,recursive-spacetime,recursive_project_doc,exploratory,docs/recursive-spacetime/BASELINE_ASSESSMENT.md,unique,1,copied,docs/recursive-spacetime/BASELINE_ASSESSMENT.md
/Users/stevenreid/Library/Application Support/Claude/local-agent-mode-sessions/e19b2fa8-926d-43d7-b606-382e730a4423/89e6069e-a4d4-49b9-a436-f538793c3944/local_f4bdd818-09b7-4abb-b833-c3553bc67103/outputs/recursive_horizon_project/README.md,md,text/markdown,3038,5150ac281be9f37f0ecc1b883b2a89c191f11d0bf9878b795d10457552e427b7,recursive-spacetime,recursive_horizon_doc,exploratory,docs/recursive-spacetime/README.md,unique,1,copied,docs/recursive-spacetime/README.md
/Users/stevenreid/Library/Application Support/Claude/local-agent-mode-sessions/e19b2fa8-926d-43d7-b606-382e730a4423/89e6069e-a4d4-49b9-a436-f538793c3944/local_f4bdd818-09b7-4abb-b833-c3553bc67103/outputs/recursive_spacetime_system/README.md,md,text/markdown,3424,5a8411f2fdabfcaa907ccae98a48e31451a6a9773805a947c866340b518393e6,recursive-spacetime,recursive_project_doc,exploratory,docs/recursive-spacetime/README.md,unique,1,conflict_archived_variant,archive/old-drafts/conflict-variants/README__variant_5a8411f2fd.md
/Users/stevenreid/Library/Application Support/Claude/local-agent-mode-sessions/e19b2fa8-926d-43d7-b606-382e730a4423/89e6069e-a4d4-49b9-a436-f538793c3944/local_f4bdd818-09b7-4abb-b833-c3553bc67103/outputs/recursive_horizon_project/RESULTS.md,md,text/markdown,9807,2dc13b4a5324a3d70cecc5b4fb1473f28ba918dc4318c11e8453d1fc9ea31f78,recursive-spacetime,recursive_horizon_doc,exploratory,docs/recursive-spacetime/RESULTS.md,duplicate_exact,2,copied,docs/recursive-spacetime/RESULTS.md
/Users/stevenreid/Library/Application Support/Claude/local-agent-mode-sessions/e19b2fa8-926d-43d7-b606-382e730a4423/89e6069e-a4d4-49b9-a436-f538793c3944/local_f4bdd818-09b7-4abb-b833-c3553bc67103/outputs/recursive_spacetime_system/RESULTS.md,md,text/markdown,9094,b4ef883a76446595302e61c7965bb6326885c66d3e32d923f51d93c8cee83647,recursive-spacetime,recursive_project_doc,exploratory,docs/recursive-spacetime/RESULTS.md,unique,1,conflict_archived_variant,archive/old-drafts/conflict-variants/RESULTS__variant_b4ef883a76.md
/Users/stevenreid/Library/Application Support/Claude/local-agent-mode-sessions/e19b2fa8-926d-43d7-b606-382e730a4423/89e6069e-a4d4-49b9-a436-f538793c3944/local_f4bdd818-09b7-4abb-b833-c3553bc67103/outputs/black_hole_dilution_horizon_research_evaluation.md,md,text/markdown,41721,b1041a3929972ae9d9ecceddbe1fe6572c63d22247c8cb47f5d943c9f62b4710,recursive-spacetime,summary_doc,exploratory,docs/recursive-spacetime/black_hole_dilution_horizon_research_evaluation.md,unique,1,copied,docs/recursive-spacetime/black_hole_dilution_horizon_research_evaluation.md
/Users/stevenreid/Library/Application Support/Claude/local-agent-mode-sessions/e19b2fa8-926d-43d7-b606-382e730a4423/89e6069e-a4d4-49b9-a436-f538793c3944/local_f4bdd818-09b7-4abb-b833-c3553bc67103/outputs/recursive_horizon_results.md,md,text/markdown,9807,2dc13b4a5324a3d70cecc5b4fb1473f28ba918dc4318c11e8453d1fc9ea31f78,recursive-spacetime,summary_doc,exploratory,docs/recursive-spacetime/recursive_horizon_results.md,duplicate_exact,2,copied,docs/recursive-spacetime/recursive_horizon_results.md
/Users/stevenreid/Library/Application Support/Claude/local-agent-mode-sessions/e19b2fa8-926d-43d7-b606-382e730a4423/89e6069e-a4d4-49b9-a436-f538793c3944/local_f4bdd818-09b7-4abb-b833-c3553bc67103/outputs/recursive_spacetime_system/requirements.txt,txt,text/plain,24,6bd31e587c06276bf231cec25395b5d4a0b1e38c4d2b00813b2dd96aad14f17a,recursive-spacetime,recursive_project_doc,exploratory,docs/recursive-spacetime/requirements.txt,unique,1,copied,docs/recursive-spacetime/requirements.txt
/Users/stevenreid/Downloads/1004.5162v1.pdf,pdf,application/pdf,118511,24372c7589f94f37407e7d2eb3f6112802da175458955829e3656bbb7ab6a203,references,reference_paper,reference,docs/references/1004.5162v1.pdf,unique,1,copied,docs/references/1004.5162v1.pdf
/Users/stevenreid/Library/Application Support/Claude/local-agent-mode-sessions/e19b2fa8-926d-43d7-b606-382e730a4423/89e6069e-a4d4-49b9-a436-f538793c3944/local_f4bdd818-09b7-4abb-b833-c3553bc67103/outputs/spectral_horizon_research/research_docs/00_project_overview.md,md,text/markdown,5695,dbe36952b5998f155a07d79bfdd5ea5aeb61ca9153ade1d697c7949bdeb1b10b,spectral/qnm,spectral_doc,exploratory,docs/spectral/00_project_overview.md,unique,1,copied,docs/spectral/00_project_overview.md
/Users/stevenreid/Library/Application Support/Claude/local-agent-mode-sessions/e19b2fa8-926d-43d7-b606-382e730a4423/89e6069e-a4d4-49b9-a436-f538793c3944/local_f4bdd818-09b7-4abb-b833-c3553bc67103/outputs/spectral_horizon_research/research_docs/01_triage_memo.md,md,text/markdown,11936,e167bf7a4c44e7cec2e64aaee6570e1d59749756438f470be4e089d851adfb5b,spectral/qnm,spectral_doc,exploratory,docs/spectral/01_triage_memo.md,unique,1,copied,docs/spectral/01_triage_memo.md
/Users/stevenreid/Library/Application Support/Claude/local-agent-mode-sessions/e19b2fa8-926d-43d7-b606-382e730a4423/89e6069e-a4d4-49b9-a436-f538793c3944/local_f4bdd818-09b7-4abb-b833-c3553bc67103/outputs/spectral_horizon_research/research_docs/02_literature_positioning.md,md,text/markdown,7050,da53253be68d07e5f93fc63bd7429c1bd68534005586f7e50c4a21aa1f5b27ec,spectral/qnm,spectral_doc,exploratory,docs/spectral/02_literature_positioning.md,unique,1,copied,docs/spectral/02_literature_positioning.md
/Users/stevenreid/Library/Application Support/Claude/local-agent-mode-sessions/e19b2fa8-926d-43d7-b606-382e730a4423/89e6069e-a4d4-49b9-a436-f538793c3944/local_f4bdd818-09b7-4abb-b833-c3553bc67103/outputs/spectral_horizon_research/research_docs/03_mathematical_framework.md,md,text/markdown,11907,cd76b59ed03604476daf02188c5a8c09a1c6925707b0aa4c18af2a035a936287,spectral/qnm,spectral_doc,approximation-based,docs/spectral/03_mathematical_framework.md,unique,1,copied,docs/spectral/03_mathematical_framework.md
/Users/stevenreid/Library/Application Support/Claude/local-agent-mode-sessions/e19b2fa8-926d-43d7-b606-382e730a4423/89e6069e-a4d4-49b9-a436-f538793c3944/local_f4bdd818-09b7-4abb-b833-c3553bc67103/outputs/research_docs/03a_framework_audit.md,md,text/markdown,15636,03575e77c343b008be28870c52a9372085aa765dbe3152a60e94c6872009a195,spectral/qnm,spectral_doc_revised,exploratory,docs/spectral/03a_framework_audit.md,unique,1,copied,docs/spectral/03a_framework_audit.md
/Users/stevenreid/Library/Application Support/Claude/local-agent-mode-sessions/e19b2fa8-926d-43d7-b606-382e730a4423/89e6069e-a4d4-49b9-a436-f538793c3944/local_f4bdd818-09b7-4abb-b833-c3553bc67103/outputs/research_docs/03b_mathematical_framework_revised.md,md,text/markdown,22265,e0e3084b6f8d56c8ed7a45eb5d40a8c5c0661ed7b1336e384b390d07261c2fb2,spectral/qnm,spectral_doc_revised,exploratory,docs/spectral/03b_mathematical_framework_revised.md,unique,1,copied,docs/spectral/03b_mathematical_framework_revised.md
/Users/stevenreid/Library/Application Support/Claude/local-agent-mode-sessions/e19b2fa8-926d-43d7-b606-382e730a4423/89e6069e-a4d4-49b9-a436-f538793c3944/local_f4bdd818-09b7-4abb-b833-c3553bc67103/outputs/spectral_horizon_research/research_docs/04_experiment_plan.md,md,text/markdown,6003,f08ef9cab4f175a8dc0b4a0eb250a330e786145563e966180747f622614baee2,spectral/qnm,spectral_doc,approximation-based,docs/spectral/04_experiment_plan.md,unique,1,copied,docs/spectral/04_experiment_plan.md
/Users/stevenreid/Library/Application Support/Claude/local-agent-mode-sessions/e19b2fa8-926d-43d7-b606-382e730a4423/89e6069e-a4d4-49b9-a436-f538793c3944/local_f4bdd818-09b7-4abb-b833-c3553bc67103/outputs/research_docs/04a_statement_pipeline.md,md,text/markdown,16338,40cba18ac6b794038f22814126a906f2ed9228437d1aa70a39d533ebafec830f,spectral/qnm,spectral_doc_revised,exploratory,docs/spectral/04a_statement_pipeline.md,unique,1,copied,docs/spectral/04a_statement_pipeline.md
/Users/stevenreid/Library/Application Support/Claude/local-agent-mode-sessions/e19b2fa8-926d-43d7-b606-382e730a4423/89e6069e-a4d4-49b9-a436-f538793c3944/local_f4bdd818-09b7-4abb-b833-c3553bc67103/outputs/research_docs/04b_exact_derivations.md,md,text/markdown,14373,9045aab0fefe67f12696f3ad0731e4558a73e9da3e30a81b1d124b1ff71d3c75,spectral/qnm,spectral_doc_revised,approximation-based,docs/spectral/04b_exact_derivations.md,unique,1,copied,docs/spectral/04b_exact_derivations.md
/Users/stevenreid/Library/Application Support/Claude/local-agent-mode-sessions/e19b2fa8-926d-43d7-b606-382e730a4423/89e6069e-a4d4-49b9-a436-f538793c3944/local_f4bdd818-09b7-4abb-b833-c3553bc67103/outputs/research_docs/04c_negative_results_formalized.md,md,text/markdown,12446,c1da39dbcb31d16b2aef0433ef2ea00122033aa1253b2011afebbcb26fb96476,spectral/qnm,spectral_doc_revised,exploratory,docs/spectral/04c_negative_results_formalized.md,unique,1,copied,docs/spectral/04c_negative_results_formalized.md
/Users/stevenreid/Library/Application Support/Claude/local-agent-mode-sessions/e19b2fa8-926d-43d7-b606-382e730a4423/89e6069e-a4d4-49b9-a436-f538793c3944/local_f4bdd818-09b7-4abb-b833-c3553bc67103/outputs/spectral_horizon_research/research_docs/05_results_and_analysis.md,md,text/markdown,13864,d9a8b8893035cfcf4929e41cc0b4e1c3f5b6f6a32cec205d4f186893a831a0ba,spectral/qnm,spectral_doc,empirical,docs/spectral/05_results_and_analysis.md,unique,1,copied,docs/spectral/05_results_and_analysis.md
/Users/stevenreid/Library/Application Support/Claude/local-agent-mode-sessions/e19b2fa8-926d-43d7-b606-382e730a4423/89e6069e-a4d4-49b9-a436-f538793c3944/local_f4bdd818-09b7-4abb-b833-c3553bc67103/outputs/research_docs/05a_high_l_results.md,md,text/markdown,9991,904715bf16e1273df46cc6e192d097d468e9bbc463ad79e25175190e88a05210,spectral/qnm,spectral_doc_revised,empirical,docs/spectral/05a_high_l_results.md,unique,1,copied,docs/spectral/05a_high_l_results.md
/Users/stevenreid/Library/Application Support/Claude/local-agent-mode-sessions/e19b2fa8-926d-43d7-b606-382e730a4423/89e6069e-a4d4-49b9-a436-f538793c3944/local_f4bdd818-09b7-4abb-b833-c3553bc67103/outputs/research_docs/05b_q_carnot_analysis.md,md,text/markdown,9782,34e681343debb4f43fdf32f4cce92382decea941a2b1949eee97cfa5fe7ef4d1,spectral/qnm,spectral_doc_revised,empirical,docs/spectral/05b_q_carnot_analysis.md,unique,1,copied,docs/spectral/05b_q_carnot_analysis.md
/Users/stevenreid/Library/Application Support/Claude/local-agent-mode-sessions/e19b2fa8-926d-43d7-b606-382e730a4423/89e6069e-a4d4-49b9-a436-f538793c3944/local_f4bdd818-09b7-4abb-b833-c3553bc67103/outputs/research_docs/05c_exact_numeric_plan.md,md,text/markdown,10360,a7bb81a8bb7f6a47879a45eb06923fb0988894762d30f00127a8a6ed5195e13a,spectral/qnm,spectral_doc_revised,empirical,docs/spectral/05c_exact_numeric_plan.md,unique,1,copied,docs/spectral/05c_exact_numeric_plan.md
/Users/stevenreid/Library/Application Support/Claude/local-agent-mode-sessions/e19b2fa8-926d-43d7-b606-382e730a4423/89e6069e-a4d4-49b9-a436-f538793c3944/local_f4bdd818-09b7-4abb-b833-c3553bc67103/outputs/spectral_horizon_research/research_docs/06_next_steps.md,md,text/markdown,8919,a852611c6f7146ca492ac37031622cc4c41836ff65fa9b2c219a70e8e36fae90,spectral/qnm,spectral_doc,exploratory,docs/spectral/06_next_steps.md,unique,1,copied,docs/spectral/06_next_steps.md
/Users/stevenreid/Library/Application Support/Claude/local-agent-mode-sessions/e19b2fa8-926d-43d7-b606-382e730a4423/89e6069e-a4d4-49b9-a436-f538793c3944/local_f4bdd818-09b7-4abb-b833-c3553bc67103/outputs/research_docs/06a_proof_status_map.md,md,text/markdown,6139,1ba0a0f91a0c4314d211174c8299b8b2cd232b6d7e0d5fbee132a93d0d588efd,spectral/qnm,spectral_doc_revised,open-questions,docs/spectral/06a_proof_status_map.md,unique,1,copied,docs/spectral/06a_proof_status_map.md
/Users/stevenreid/Library/Application Support/Claude/local-agent-mode-sessions/e19b2fa8-926d-43d7-b606-382e730a4423/89e6069e-a4d4-49b9-a436-f538793c3944/local_f4bdd818-09b7-4abb-b833-c3553bc67103/outputs/research_docs/06b_research_synthesis_revised.md,md,text/markdown,11255,0d7f4803bd91af6e69a2345ec48d5d1410c7218f07fa556aad66fa693e2e9fbb,spectral/qnm,spectral_doc_revised,exploratory,docs/spectral/06b_research_synthesis_revised.md,unique,1,copied,docs/spectral/06b_research_synthesis_revised.md
/Users/stevenreid/Library/Application Support/Claude/local-agent-mode-sessions/e19b2fa8-926d-43d7-b606-382e730a4423/89e6069e-a4d4-49b9-a436-f538793c3944/local_f4bdd818-09b7-4abb-b833-c3553bc67103/outputs/sds_entropy_structure.md,md,text/markdown,26247,bcc0ce8ac8642dd0497b9c127ee739b589317eeb67a08b45c6709b7937e14345,core-sds-theory,core_theory_paper_or_note,exact,docs/theory/sds-entropy-structure.md,unique,1,copied,docs/theory/sds-entropy-structure.md
/Users/stevenreid/Library/Application Support/Claude/local-agent-mode-sessions/e19b2fa8-926d-43d7-b606-382e730a4423/89e6069e-a4d4-49b9-a436-f538793c3944/local_f4bdd818-09b7-4abb-b833-c3553bc67103/outputs/recursive_spacetime_system/experiments/__init__.py,py,text/x-python,0,e3b0c44298fc1c149afbf4c8996fb92427ae41e4649b934ca495991b7852b855,recursive-spacetime,recursive_experiment_script,empirical,experiments/recursive_spacetime/__init__.py,duplicate_exact,3,copied,experiments/recursive_spacetime/__init__.py
/Users/stevenreid/Library/Application Support/Claude/local-agent-mode-sessions/e19b2fa8-926d-43d7-b606-382e730a4423/89e6069e-a4d4-49b9-a436-f538793c3944/local_f4bdd818-09b7-4abb-b833-c3553bc67103/outputs/recursive_spacetime_system/experiments/exp01_rebuild_sds_baseline.py,py,text/x-python,4599,4426faa58e8e67cf76dc8b118f248403207f1c9c487d5a650cede62b1f60130d,recursive-spacetime,recursive_experiment_script,empirical,experiments/recursive_spacetime/exp01_rebuild_sds_baseline.py,unique,1,copied,experiments/recursive_spacetime/exp01_rebuild_sds_baseline.py
/Users/stevenreid/Library/Application Support/Claude/local-agent-mode-sessions/e19b2fa8-926d-43d7-b606-382e730a4423/89e6069e-a4d4-49b9-a436-f538793c3944/local_f4bdd818-09b7-4abb-b833-c3553bc67103/outputs/recursive_spacetime_system/experiments/exp02_recursive_parameter_flow.py,py,text/x-python,7875,8dd4c44092a3e41629777b5cfc0253a643d8d77095ce053ada526a716e9df6f0,recursive-spacetime,recursive_experiment_script,empirical,experiments/recursive_spacetime/exp02_recursive_parameter_flow.py,unique,1,copied,experiments/recursive_spacetime/exp02_recursive_parameter_flow.py
/Users/stevenreid/Library/Application Support/Claude/local-agent-mode-sessions/e19b2fa8-926d-43d7-b606-382e730a4423/89e6069e-a4d4-49b9-a436-f538793c3944/local_f4bdd818-09b7-4abb-b833-c3553bc67103/outputs/recursive_spacetime_system/experiments/exp03_rnds_extension.py,py,text/x-python,9177,cbe1a014983b00195cb16b2f5fb04d3c4597d9761ecd3fc99386b8d5b3118702,recursive-spacetime,recursive_experiment_script,empirical,experiments/recursive_spacetime/exp03_rnds_extension.py,unique,1,copied,experiments/recursive_spacetime/exp03_rnds_extension.py
/Users/stevenreid/Library/Application Support/Claude/local-agent-mode-sessions/e19b2fa8-926d-43d7-b606-382e730a4423/89e6069e-a4d4-49b9-a436-f538793c3944/local_f4bdd818-09b7-4abb-b833-c3553bc67103/outputs/recursive_spacetime_system/experiments/exp04_scalar_field_integration.py,py,text/x-python,7771,d745cb2157923741e012a7a7a4616992d84163b5f38e1edb3e51ed32e00bfeba,recursive-spacetime,recursive_experiment_script,empirical,experiments/recursive_spacetime/exp04_scalar_field_integration.py,unique,1,copied,experiments/recursive_spacetime/exp04_scalar_field_integration.py
/Users/stevenreid/Library/Application Support/Claude/local-agent-mode-sessions/e19b2fa8-926d-43d7-b606-382e730a4423/89e6069e-a4d4-49b9-a436-f538793c3944/local_f4bdd818-09b7-4abb-b833-c3553bc67103/outputs/recursive_spacetime_system/experiments/exp05_full_robustness_scan.py,py,text/x-python,9241,5f6682663d0e2cdb0382f4e4cd033f5030a745ca9ce03ee035a2cb7c17215c6a,recursive-spacetime,recursive_experiment_script,empirical,experiments/recursive_spacetime/exp05_full_robustness_scan.py,unique,1,copied,experiments/recursive_spacetime/exp05_full_robustness_scan.py
/Users/stevenreid/Library/Application Support/Claude/local-agent-mode-sessions/e19b2fa8-926d-43d7-b606-382e730a4423/89e6069e-a4d4-49b9-a436-f538793c3944/local_f4bdd818-09b7-4abb-b833-c3553bc67103/outputs/recursive_spacetime_system/experiments/exp06_compare_with_horizon_only_model.py,py,text/x-python,9352,c00940b38cc16d6b423ac7b704aeaeedcc168c6fa33ed349c11b528ed7fb6081,recursive-spacetime,recursive_experiment_script,empirical,experiments/recursive_spacetime/exp06_compare_with_horizon_only_model.py,unique,1,copied,experiments/recursive_spacetime/exp06_compare_with_horizon_only_model.py
/Users/stevenreid/Library/Application Support/Claude/local-agent-mode-sessions/e19b2fa8-926d-43d7-b606-382e730a4423/89e6069e-a4d4-49b9-a436-f538793c3944/local_f4bdd818-09b7-4abb-b833-c3553bc67103/outputs/recursive_spacetime_system/experiments/run_all.py,py,text/x-python,1895,609677e66c716e9d6b8347664d048fc699d22bd92f827efba4c6a7074b6b8fee,recursive-spacetime,recursive_experiment_script,empirical,experiments/recursive_spacetime/run_all.py,unique,1,copied,experiments/recursive_spacetime/run_all.py
/Users/stevenreid/Library/Application Support/Claude/local-agent-mode-sessions/e19b2fa8-926d-43d7-b606-382e730a4423/89e6069e-a4d4-49b9-a436-f538793c3944/local_f4bdd818-09b7-4abb-b833-c3553bc67103/outputs/recursive_horizon_project/experiments/__init__.py,py,text/x-python,0,e3b0c44298fc1c149afbf4c8996fb92427ae41e4649b934ca495991b7852b855,recursive-spacetime,recursive_horizon_script,empirical,experiments/rnds/__init__.py,duplicate_exact,3,copied,experiments/rnds/__init__.py
/Users/stevenreid/Library/Application Support/Claude/local-agent-mode-sessions/e19b2fa8-926d-43d7-b606-382e730a4423/89e6069e-a4d4-49b9-a436-f538793c3944/local_f4bdd818-09b7-4abb-b833-c3553bc67103/outputs/recursive_horizon_project/experiments/exp01_symmetric_fixed_points.py,py,text/x-python,3515,54e96d9c77e93c2812b39c2e2d31bc3ddab64be176fb082dbe55059ce28891d1,recursive-spacetime,recursive_horizon_script,empirical,experiments/rnds/exp01_symmetric_fixed_points.py,unique,1,copied,experiments/rnds/exp01_symmetric_fixed_points.py
/Users/stevenreid/Library/Application Support/Claude/local-agent-mode-sessions/e19b2fa8-926d-43d7-b606-382e730a4423/89e6069e-a4d4-49b9-a436-f538793c3944/local_f4bdd818-09b7-4abb-b833-c3553bc67103/outputs/recursive_horizon_project/experiments/exp02_coupled_orbits.py,py,text/x-python,4489,1db0b3015251a877070fdf910914fb5587870ac9719f775aa7496d4b562ade3c,recursive-spacetime,recursive_horizon_script,empirical,experiments/rnds/exp02_coupled_orbits.py,unique,1,copied,experiments/rnds/exp02_coupled_orbits.py
/Users/stevenreid/Library/Application Support/Claude/local-agent-mode-sessions/e19b2fa8-926d-43d7-b606-382e730a4423/89e6069e-a4d4-49b9-a436-f538793c3944/local_f4bdd818-09b7-4abb-b833-c3553bc67103/outputs/recursive_horizon_project/experiments/exp03_parameter_sweep.py,py,text/x-python,5204,7eb58fb736de946f1072fffab9423aaced9a6d56fcbe4035d11f7c08c9088714,recursive-spacetime,recursive_horizon_script,empirical,experiments/rnds/exp03_parameter_sweep.py,unique,1,copied,experiments/rnds/exp03_parameter_sweep.py
/Users/stevenreid/Library/Application Support/Claude/local-agent-mode-sessions/e19b2fa8-926d-43d7-b606-382e730a4423/89e6069e-a4d4-49b9-a436-f538793c3944/local_f4bdd818-09b7-4abb-b833-c3553bc67103/outputs/recursive_horizon_project/experiments/exp04_spectral_dimension.py,py,text/x-python,6552,ea1e76f9b3297b26cb921278ff9e687d21c5ac9a58fb3b35c6caf3d540bddcae,recursive-spacetime,recursive_horizon_script,empirical,experiments/rnds/exp04_spectral_dimension.py,unique,1,copied,experiments/rnds/exp04_spectral_dimension.py
/Users/stevenreid/Library/Application Support/Claude/local-agent-mode-sessions/e19b2fa8-926d-43d7-b606-382e730a4423/89e6069e-a4d4-49b9-a436-f538793c3944/local_f4bdd818-09b7-4abb-b833-c3553bc67103/outputs/recursive_horizon_project/experiments/exp05_rdt_weighting.py,py,text/x-python,5985,8657ad2dcff76bce8dbd34294221b2f4649f9c7e987f9368498a40213c52bff5,recursive-spacetime,recursive_horizon_script,empirical,experiments/rnds/exp05_rdt_weighting.py,unique,1,copied,experiments/rnds/exp05_rdt_weighting.py
/Users/stevenreid/Library/Application Support/Claude/local-agent-mode-sessions/e19b2fa8-926d-43d7-b606-382e730a4423/89e6069e-a4d4-49b9-a436-f538793c3944/local_f4bdd818-09b7-4abb-b833-c3553bc67103/outputs/recursive_horizon_project/experiments/run_all.py,py,text/x-python,1869,f5a2a59debd0353eda711e27e581a41d0391fde8f113e9598db218d54e5eee26,recursive-spacetime,recursive_horizon_script,empirical,experiments/rnds/run_all.py,unique,1,copied,experiments/rnds/run_all.py
/Users/stevenreid/Library/Application Support/Claude/local-agent-mode-sessions/e19b2fa8-926d-43d7-b606-382e730a4423/89e6069e-a4d4-49b9-a436-f538793c3944/local_f4bdd818-09b7-4abb-b833-c3553bc67103/outputs/spectral_horizon_research/experiments/exp01_wkb_baseline.py,py,text/x-python,8719,9fea062319ba4eccf76bddf7cb0522bab0b19fb18752c22667cd2b031d65d9f7,spectral/qnm,spectral_experiment_script,empirical,experiments/spectral/exp01_wkb_baseline.py,unique,1,copied,experiments/spectral/exp01_wkb_baseline.py
/Users/stevenreid/Library/Application Support/Claude/local-agent-mode-sessions/e19b2fa8-926d-43d7-b606-382e730a4423/89e6069e-a4d4-49b9-a436-f538793c3944/local_f4bdd818-09b7-4abb-b833-c3553bc67103/outputs/spectral_horizon_research/experiments/exp02_lambda_scaling.py,py,text/x-python,14398,3ae5e403ffe03a4ad106862bf481d60b1a68e5a96a74576136d915b55e4b3e89,spectral/qnm,spectral_experiment_script,empirical,experiments/spectral/exp02_lambda_scaling.py,unique,1,copied,experiments/spectral/exp02_lambda_scaling.py
/Users/stevenreid/Library/Application Support/Claude/local-agent-mode-sessions/e19b2fa8-926d-43d7-b606-382e730a4423/89e6069e-a4d4-49b9-a436-f538793c3944/local_f4bdd818-09b7-4abb-b833-c3553bc67103/outputs/spectral_horizon_research/experiments/exp03_eisenstein_spectral.py,py,text/x-python,14658,0dc55be8c8259696843bfda61d9c46f0acd24e703fae982382465cc45f4bf664,spectral/qnm,spectral_experiment_script,empirical,experiments/spectral/exp03_eisenstein_spectral.py,unique,1,copied,experiments/spectral/exp03_eisenstein_spectral.py
/Users/stevenreid/Library/Application Support/Claude/local-agent-mode-sessions/e19b2fa8-926d-43d7-b606-382e730a4423/89e6069e-a4d4-49b9-a436-f538793c3944/local_f4bdd818-09b7-4abb-b833-c3553bc67103/outputs/spectral_horizon_research/experiments/exp04_inverse_spectroscopy.py,py,text/x-python,13841,a3ca70da9ccccddfdd78fa1fbc9338408c7b865e2ffa368e659b6027be96f8b4,spectral/qnm,spectral_experiment_script,empirical,experiments/spectral/exp04_inverse_spectroscopy.py,unique,1,copied,experiments/spectral/exp04_inverse_spectroscopy.py
/Users/stevenreid/Library/Application Support/Claude/local-agent-mode-sessions/e19b2fa8-926d-43d7-b606-382e730a4423/89e6069e-a4d4-49b9-a436-f538793c3944/local_f4bdd818-09b7-4abb-b833-c3553bc67103/outputs/spectral_horizon_research/experiments/exp05_rdt_overtone.py,py,text/x-python,9906,311b5462582102beab52d7dc18c1526a6e6b870f6c8961a9686a0a1ce056a7b6,spectral/qnm,spectral_experiment_script,empirical,experiments/spectral/exp05_rdt_overtone.py,unique,1,copied,experiments/spectral/exp05_rdt_overtone.py
/Users/stevenreid/Library/Application Support/Claude/local-agent-mode-sessions/e19b2fa8-926d-43d7-b606-382e730a4423/89e6069e-a4d4-49b9-a436-f538793c3944/local_f4bdd818-09b7-4abb-b833-c3553bc67103/outputs/spectral_horizon_research/experiments/run_all.py,py,text/x-python,2015,7f7c42085be537c089a38c5abad5c57a0c130dd8dffb4046967ae7b73c645ca7,spectral/qnm,spectral_experiment_script,empirical,experiments/spectral/run_all.py,unique,1,copied,experiments/spectral/run_all.py
/Users/stevenreid/Downloads/recursive_spacetime_updated_doc.pdf,pdf,application/pdf,4318,5b0dedfad76894b41117e5ec3cf163c7b580ef0474974a3447c455dbcf3a8462,recursive-spacetime,recursive_pdf_draft,exploratory,papers/drafts/recursive-spacetime-updated-doc.pdf,unique,1,copied,papers/drafts/recursive-spacetime-updated-doc.pdf
/Users/stevenreid/Library/Application Support/Claude/local-agent-mode-sessions/e19b2fa8-926d-43d7-b606-382e730a4423/89e6069e-a4d4-49b9-a436-f538793c3944/local_f4bdd818-09b7-4abb-b833-c3553bc67103/outputs/eisenstein_carnot_paper.md,md,text/markdown,36121,e86ec319ab7158b4b48e867fcb41d261d6006341a485985fedd1836afeb73424,core-sds-theory,core_theory_paper_or_note,exact,papers/sds-theory/eisenstein-carnot-paper.md,unique,1,copied,papers/sds-theory/eisenstein-carnot-paper.md
/Users/stevenreid/Library/Application Support/Claude/local-agent-mode-sessions/e19b2fa8-926d-43d7-b606-382e730a4423/89e6069e-a4d4-49b9-a436-f538793c3944/local_f4bdd818-09b7-4abb-b833-c3553bc67103/outputs/sds_entropy_paper.md,md,text/markdown,37676,b3bd8b83c11b621eccea3c9c452f34a7f1ded3cf07c5ca4a94b05c76702ee988,core-sds-theory,core_theory_paper_or_note,exact,papers/sds-theory/sds-entropy-paper.md,unique,1,copied,papers/sds-theory/sds-entropy-paper.md
/Users/stevenreid/Downloads/Eisenstein-Coordinate Reformulation of 4D Schwarzschild–de Sitter Thermodynamics.pdf,pdf,application/pdf,158085,e5b91f52bd58df6e7935e4d7f037382f2c6a195c93946498f9d9990c6d3b1384,core-sds-theory,paper_pdf,exact,papers/submitted-or-preprint-ready/eisenstein-coordinate-reformulation-sds-thermodynamics.pdf,unique,1,copied,papers/submitted-or-preprint-ready/eisenstein-coordinate-reformulation-sds-thermodynamics.pdf
/Users/stevenreid/Library/Application Support/Claude/local-agent-mode-sessions/e19b2fa8-926d-43d7-b606-382e730a4423/89e6069e-a4d4-49b9-a436-f538793c3944/local_f4bdd818-09b7-4abb-b833-c3553bc67103/outputs/recursive_spacetime_system/src/__init__.py,py,text/x-python,33,5c48da6d413451bf8a4c90bc9f727fe6889afaaeadb31ea689d034f306341b6b,recursive-spacetime,recursive_library_code,approximation-based,src/evolution/__init__.py,unique,1,copied,src/evolution/__init__.py
/Users/stevenreid/Library/Application Support/Claude/local-agent-mode-sessions/e19b2fa8-926d-43d7-b606-382e730a4423/89e6069e-a4d4-49b9-a436-f538793c3944/local_f4bdd818-09b7-4abb-b833-c3553bc67103/outputs/recursive_spacetime_system/src/flow_constraints.py,py,text/x-python,5166,aacab47036e7b876bba64500facc253b6efbeb2af95498b5c20edebc04498438,recursive-spacetime,recursive_library_code,approximation-based,src/evolution/flow_constraints.py,unique,1,copied,src/evolution/flow_constraints.py
/Users/stevenreid/Library/Application Support/Claude/local-agent-mode-sessions/e19b2fa8-926d-43d7-b606-382e730a4423/89e6069e-a4d4-49b9-a436-f538793c3944/local_f4bdd818-09b7-4abb-b833-c3553bc67103/outputs/recursive_spacetime_system/src/recursion_flows.py,py,text/x-python,14200,63d75e30bc3e9fe0d7adf19851487277898a87e92a1fe56fa62f53d25ff6c44d,recursive-spacetime,recursive_library_code,approximation-based,src/evolution/recursion_flows.py,unique,1,copied,src/evolution/recursion_flows.py
/Users/stevenreid/Library/Application Support/Claude/local-agent-mode-sessions/e19b2fa8-926d-43d7-b606-382e730a4423/89e6069e-a4d4-49b9-a436-f538793c3944/local_f4bdd818-09b7-4abb-b833-c3553bc67103/outputs/recursive_spacetime_system/src/rnds_state.py,py,text/x-python,10489,7047bce7d02df86729cfa6e3691befa0abcf46d4edd97e520c7a1ea81f2d1d39,recursive-spacetime,recursive_library_code,approximation-based,src/evolution/rnds_state.py,unique,1,copied,src/evolution/rnds_state.py
/Users/stevenreid/Library/Application Support/Claude/local-agent-mode-sessions/e19b2fa8-926d-43d7-b606-382e730a4423/89e6069e-a4d4-49b9-a436-f538793c3944/local_f4bdd818-09b7-4abb-b833-c3553bc67103/outputs/recursive_spacetime_system/src/scalar_field_state.py,py,text/x-python,7379,43d7b85e505654a90632cefcc8a151347f1d77def9c2e85b19baffc59ef4a8e5,recursive-spacetime,recursive_library_code,approximation-based,src/evolution/scalar_field_state.py,unique,1,copied,src/evolution/scalar_field_state.py
/Users/stevenreid/Library/Application Support/Claude/local-agent-mode-sessions/e19b2fa8-926d-43d7-b606-382e730a4423/89e6069e-a4d4-49b9-a436-f538793c3944/local_f4bdd818-09b7-4abb-b833-c3553bc67103/outputs/recursive_spacetime_system/src/sds_state.py,py,text/x-python,7313,1cc6dacb3c42f85f708cd86aad50b6fa0a78174ef12b2fa47143855ba64f19d8,recursive-spacetime,recursive_library_code,approximation-based,src/evolution/sds_state.py,unique,1,copied,src/evolution/sds_state.py
/Users/stevenreid/Library/Application Support/Claude/local-agent-mode-sessions/e19b2fa8-926d-43d7-b606-382e730a4423/89e6069e-a4d4-49b9-a436-f538793c3944/local_f4bdd818-09b7-4abb-b833-c3553bc67103/outputs/recursive_spacetime_system/src/spectral_checks.py,py,text/x-python,4537,9ec3ca7e82604dd4df960408f476fb66e509e7fd0815d3cdad3b7bb1e4018234,recursive-spacetime,recursive_library_code,approximation-based,src/evolution/spectral_checks.py,unique,1,copied,src/evolution/spectral_checks.py
/Users/stevenreid/Library/Application Support/Claude/local-agent-mode-sessions/e19b2fa8-926d-43d7-b606-382e730a4423/89e6069e-a4d4-49b9-a436-f538793c3944/local_f4bdd818-09b7-4abb-b833-c3553bc67103/outputs/recursive_spacetime_system/src/stability.py,py,text/x-python,3581,b85a8a6c88035667fa6418484965dd6870dd740a3bd9b6fc8e213d06ec364327,recursive-spacetime,recursive_library_code,approximation-based,src/evolution/stability.py,unique,1,copied,src/evolution/stability.py
/Users/stevenreid/Library/Application Support/Claude/local-agent-mode-sessions/e19b2fa8-926d-43d7-b606-382e730a4423/89e6069e-a4d4-49b9-a436-f538793c3944/local_f4bdd818-09b7-4abb-b833-c3553bc67103/outputs/recursive_spacetime_system/src/utils.py,py,text/x-python,1514,cb9ca38732f6b2e5b1e4e321138c56e4731359ac3420c6b2bf1abb6441eb8212,recursive-spacetime,recursive_library_code,approximation-based,src/evolution/utils.py,unique,1,copied,src/evolution/utils.py
/Users/stevenreid/Library/Application Support/Claude/local-agent-mode-sessions/e19b2fa8-926d-43d7-b606-382e730a4423/89e6069e-a4d4-49b9-a436-f538793c3944/local_f4bdd818-09b7-4abb-b833-c3553bc67103/outputs/recursive_horizon_project/src/__init__.py,py,text/x-python,32,c793efed4203b2c5ff1a589cd99ee91c9c19cc52177e0594de278ce6258ccf45,recursive-spacetime,recursive_horizon_code,approximation-based,src/math/recursive_horizon/__init__.py,unique,1,copied,src/math/recursive_horizon/__init__.py
/Users/stevenreid/Library/Application Support/Claude/local-agent-mode-sessions/e19b2fa8-926d-43d7-b606-382e730a4423/89e6069e-a4d4-49b9-a436-f538793c3944/local_f4bdd818-09b7-4abb-b833-c3553bc67103/outputs/recursive_horizon_project/src/depth_weights.py,py,text/x-python,4307,18b7c3a30a9ce671d6f2257d9a7e7de753333080be67fb69116f171ff0b6dca9,recursive-spacetime,recursive_horizon_code,approximation-based,src/math/recursive_horizon/depth_weights.py,unique,1,copied,src/math/recursive_horizon/depth_weights.py
/Users/stevenreid/Library/Application Support/Claude/local-agent-mode-sessions/e19b2fa8-926d-43d7-b606-382e730a4423/89e6069e-a4d4-49b9-a436-f538793c3944/local_f4bdd818-09b7-4abb-b833-c3553bc67103/outputs/recursive_horizon_project/src/graph_spectral.py,py,text/x-python,7130,8b995b9d42d08e09a64a13f5dc59ba73ad6d75a69888f310f90b9017332c3ee2,recursive-spacetime,recursive_horizon_code,approximation-based,src/math/recursive_horizon/graph_spectral.py,unique,1,copied,src/math/recursive_horizon/graph_spectral.py
/Users/stevenreid/Library/Application Support/Claude/local-agent-mode-sessions/e19b2fa8-926d-43d7-b606-382e730a4423/89e6069e-a4d4-49b9-a436-f538793c3944/local_f4bdd818-09b7-4abb-b833-c3553bc67103/outputs/recursive_horizon_project/src/observables.py,py,text/x-python,4942,a5807ca7dba9985f5b7ae781bb4f2473921e1fade30e6bc75707bbcd4ab4c27b,recursive-spacetime,recursive_horizon_code,approximation-based,src/math/recursive_horizon/observables.py,unique,1,copied,src/math/recursive_horizon/observables.py
/Users/stevenreid/Library/Application Support/Claude/local-agent-mode-sessions/e19b2fa8-926d-43d7-b606-382e730a4423/89e6069e-a4d4-49b9-a436-f538793c3944/local_f4bdd818-09b7-4abb-b833-c3553bc67103/outputs/recursive_horizon_project/src/recursion_models.py,py,text/x-python,7906,2f39e54127fb668cdb9acb32903ff83a259194eda26be48b779a6cb5869a3e37,recursive-spacetime,recursive_horizon_code,approximation-based,src/math/recursive_horizon/recursion_models.py,unique,1,copied,src/math/recursive_horizon/recursion_models.py
/Users/stevenreid/Library/Application Support/Claude/local-agent-mode-sessions/e19b2fa8-926d-43d7-b606-382e730a4423/89e6069e-a4d4-49b9-a436-f538793c3944/local_f4bdd818-09b7-4abb-b833-c3553bc67103/outputs/recursive_horizon_project/src/stability_analysis.py,py,text/x-python,6370,4e6c7fc69aa4104ae31f97d8319b6d505747d199731a27772eedf218a418a8fa,recursive-spacetime,recursive_horizon_code,approximation-based,src/math/recursive_horizon/stability_analysis.py,unique,1,copied,src/math/recursive_horizon/stability_analysis.py
/Users/stevenreid/Library/Application Support/Claude/local-agent-mode-sessions/e19b2fa8-926d-43d7-b606-382e730a4423/89e6069e-a4d4-49b9-a436-f538793c3944/local_f4bdd818-09b7-4abb-b833-c3553bc67103/outputs/recursive_horizon_project/src/state_space.py,py,text/x-python,6713,ebbad238850579271a9b96380cbd5c0bc670b920d5205de0ff78450c9339de82,recursive-spacetime,recursive_horizon_code,approximation-based,src/math/recursive_horizon/state_space.py,unique,1,copied,src/math/recursive_horizon/state_space.py
/Users/stevenreid/Library/Application Support/Claude/local-agent-mode-sessions/e19b2fa8-926d-43d7-b606-382e730a4423/89e6069e-a4d4-49b9-a436-f538793c3944/local_f4bdd818-09b7-4abb-b833-c3553bc67103/outputs/recursive_horizon_project/src/utils.py,py,text/x-python,2606,66de195a4e432310c2eeb4c732bdf785e198938a1884d17e2fccb8412baf20ae,recursive-spacetime,recursive_horizon_code,approximation-based,src/math/recursive_horizon/utils.py,unique,1,copied,src/math/recursive_horizon/utils.py
/Users/stevenreid/Library/Application Support/Claude/local-agent-mode-sessions/e19b2fa8-926d-43d7-b606-382e730a4423/89e6069e-a4d4-49b9-a436-f538793c3944/local_f4bdd818-09b7-4abb-b833-c3553bc67103/outputs/spectral_horizon_research/src/__init__.py,py,text/x-python,43,fb37898fc37d04b7fd414fe01f6ce96616fcbaebb9573551f8fc6175709f9495,spectral/qnm,spectral_library_code,approximation-based,src/spectral/__init__.py,unique,1,copied,src/spectral/__init__.py
/Users/stevenreid/Library/Application Support/Claude/local-agent-mode-sessions/e19b2fa8-926d-43d7-b606-382e730a4423/89e6069e-a4d4-49b9-a436-f538793c3944/local_f4bdd818-09b7-4abb-b833-c3553bc67103/outputs/spectral_horizon_research/src/json_utils.py,py,text/x-python,663,6fa2ea9b2adb34eb0c3b3e116e5e017a84fdc702b211eeff8b782c4705799095,spectral/qnm,spectral_library_code,approximation-based,src/spectral/json_utils.py,unique,1,copied,src/spectral/json_utils.py
/Users/stevenreid/Library/Application Support/Claude/local-agent-mode-sessions/e19b2fa8-926d-43d7-b606-382e730a4423/89e6069e-a4d4-49b9-a436-f538793c3944/local_f4bdd818-09b7-4abb-b833-c3553bc67103/outputs/spectral_horizon_research/src/rdt_tools.py,py,text/x-python,3500,0a6ae6d25d1f2538b8be832ac6888995246461bff4daafe0ced21ecfe9c01d85,spectral/qnm,spectral_library_code,approximation-based,src/spectral/rdt_tools.py,unique,1,copied,src/spectral/rdt_tools.py
/Users/stevenreid/Library/Application Support/Claude/local-agent-mode-sessions/e19b2fa8-926d-43d7-b606-382e730a4423/89e6069e-a4d4-49b9-a436-f538793c3944/local_f4bdd818-09b7-4abb-b833-c3553bc67103/outputs/spectral_horizon_research/src/sds_physics.py,py,text/x-python,6982,2274ad4fabbff60b55ff6efcbf3892e2204269c93a67b309fd814fda580a50d6,spectral/qnm,spectral_library_code,approximation-based,src/spectral/sds_physics.py,unique,1,copied,src/spectral/sds_physics.py
/Users/stevenreid/Library/Application Support/Claude/local-agent-mode-sessions/e19b2fa8-926d-43d7-b606-382e730a4423/89e6069e-a4d4-49b9-a436-f538793c3944/local_f4bdd818-09b7-4abb-b833-c3553bc67103/outputs/spectral_horizon_research/src/wkb_qnm.py,py,text/x-python,8870,964284be0589351ba98d4c04333ec59427efa4d16061d8881d286716696c7eb0,spectral/qnm,spectral_library_code,approximation-based,src/spectral/wkb_qnm.py,unique,1,copied,src/spectral/wkb_qnm.py
/Users/stevenreid/Library/Application Support/Claude/local-agent-mode-sessions/e19b2fa8-926d-43d7-b606-382e730a4423/89e6069e-a4d4-49b9-a436-f538793c3944/local_f4bdd818-09b7-4abb-b833-c3553bc67103/outputs/recursive_horizon_project/tests/test_state_space.py,py,text/x-python,4506,df8566b8ed332e834706a64244e2d60860fd21c419aa714a93cca773dab9967c,recursive-spacetime,recursive_horizon_tests,empirical,tests/math/horizon_test_state_space.py,unique,1,copied,tests/math/horizon_test_state_space.py
/Users/stevenreid/Library/Application Support/Claude/local-agent-mode-sessions/e19b2fa8-926d-43d7-b606-382e730a4423/89e6069e-a4d4-49b9-a436-f538793c3944/local_f4bdd818-09b7-4abb-b833-c3553bc67103/outputs/recursive_spacetime_system/tests/__init__.py,py,text/x-python,0,e3b0c44298fc1c149afbf4c8996fb92427ae41e4649b934ca495991b7852b855,recursive-spacetime,recursive_tests,empirical,tests/math/recursive___init__.py,duplicate_exact,3,copied,tests/math/recursive___init__.py
/Users/stevenreid/Library/Application Support/Claude/local-agent-mode-sessions/e19b2fa8-926d-43d7-b606-382e730a4423/89e6069e-a4d4-49b9-a436-f538793c3944/local_f4bdd818-09b7-4abb-b833-c3553bc67103/outputs/recursive_spacetime_system/tests/test_horizon_reconstruction.py,py,text/x-python,5484,387a832167b256501ba4f878e8ce78fd37243179a7447e23c80a576cf076659f,recursive-spacetime,recursive_tests,empirical,tests/math/recursive_test_horizon_reconstruction.py,unique,1,copied,tests/math/recursive_test_horizon_reconstruction.py
/Users/stevenreid/Library/Application Support/Claude/local-agent-mode-sessions/e19b2fa8-926d-43d7-b606-382e730a4423/89e6069e-a4d4-49b9-a436-f538793c3944/local_f4bdd818-09b7-4abb-b833-c3553bc67103/outputs/recursive_spacetime_system/tests/test_physical_admissibility.py,py,text/x-python,5769,776808f9635baaa3870843926a13564428bc396bacca950148c76f2f3d7254cc,recursive-spacetime,recursive_tests,empirical,tests/math/recursive_test_physical_admissibility.py,unique,1,copied,tests/math/recursive_test_physical_admissibility.py
/Users/stevenreid/Library/Application Support/Claude/local-agent-mode-sessions/e19b2fa8-926d-43d7-b606-382e730a4423/89e6069e-a4d4-49b9-a436-f538793c3944/local_f4bdd818-09b7-4abb-b833-c3553bc67103/outputs/recursive_spacetime_system/tests/test_recursive_flows.py,py,text/x-python,5488,1ccb1101bf15932d11616f6f12672a2598890a96a0e5b7c35c40e39053f0e7be,recursive-spacetime,recursive_tests,empirical,tests/math/recursive_test_recursive_flows.py,unique,1,copied,tests/math/recursive_test_recursive_flows.py
/Users/stevenreid/Library/Application Support/Claude/local-agent-mode-sessions/e19b2fa8-926d-43d7-b606-382e730a4423/89e6069e-a4d4-49b9-a436-f538793c3944/local_f4bdd818-09b7-4abb-b833-c3553bc67103/outputs/recursive_spacetime_system/tests/test_scalar_field_usefulness.py,py,text/x-python,5468,3217b1b2bc46c6bbd9aec0c33adfa0492f84fbbad35b327fd3a0dac3022fff7a,recursive-spacetime,recursive_tests,empirical,tests/math/recursive_test_scalar_field_usefulness.py,unique,1,copied,tests/math/recursive_test_scalar_field_usefulness.py
/Users/stevenreid/Library/Application Support/Claude/local-agent-mode-sessions/e19b2fa8-926d-43d7-b606-382e730a4423/89e6069e-a4d4-49b9-a436-f538793c3944/local_f4bdd818-09b7-4abb-b833-c3553bc67103/outputs/recursive_spacetime_system/tests/test_sds_identities.py,py,text/x-python,5406,8f3a2a8afdbf29772560a2ed3ca1a575c7844e1ae93cb90da077c38ab646fd03,recursive-spacetime,recursive_tests,empirical,tests/math/recursive_test_sds_identities.py,unique,1,copied,tests/math/recursive_test_sds_identities.py
